zipcode,celebrity
94612,A Band Called Pain
89041,Art Bell
89410,Jaycee Dugard
89503,Chikezie Okorie
89503,Cobra Skulls
89503,Jacob Dalton
89503,Jeff Bernat
89503,World5
89701,I Am They
89701,RAS
90002,Brenda Holloway
90002,O.F.T.B.
90008,Dom Kennedy
90016,Syd tha Kyd
90022,Cambalache
90022,Cannibal and the Headhunters
90022,Frost
90022,Las Cafeteras
90022,Los Lobos
90022,Luis Villegas
90022,The Blendells
90028,Connie Ruel
90028,Javen
90028,Murderdolls
90028,Nylon Pink
90028,Pretty Boy Floyd
90028,Ratt
90028,Rickie Lee Jones
90028,Terry Richardson
90028,The Four Horsemen
90028,Warrant
90039,A Million Machines
90047,WC
90049,Sue Herera
90056,Jhené Aiko
90061,Black Hippy
90061,Gospel Gangstaz
90061,Mister CR
90061,PTAF
90069,Gay Men's Chorus of Los Angeles
90071,ACxDC
90071,Aaron North
90071,Abattoir
90071,Adrian Younge
90071,Aero Chord
90071,Ak'Sent
90071,Aksent
90071,Alicia Myers
90071,Ancestors
90071,Andy Dodd
90071,Anna Skrypka
90071,Apl.de.ap
90071,Arch/Matheos
90071,Art of Chaos
90071,Artur Akopyan
90071,Asia Featuring John Payne
90071,Atoms for Peace
90071,Axis of Justice
90071,Bags
90071,Bellylove
90071,Benny Cassette
90071,BgA
90071,Big City Orchestra
90071,Bigelf
90071,Bitch
90071,Blaak Heat
90071,Blind Melon
90071,Bloods & Crips
90071,Boy Hits Car
90071,Brad Logan
90071,Brand New War
90071,Breakestra
90071,Breeze
90071,Brett Epstein
90071,Broken Bells
90071,Bruce Johnston
90071,Buffalo Springfield
90071,Candy
90071,Carnival Art
90071,Cassidy Haley
90071,Catholic Discipline
90071,Cesium_137
90071,Chad Brown
90071,Charles Mingus
90071,Charles Mingus Jr.
90071,Chicano Batman
90071,Chris Walden Big Band
90071,Christa Collins
90071,Cinema
90071,Cirrus
90071,Classixx
90071,Coal Chamber
90071,Connie Price and the Keystones
90071,Craicmore
90071,Crooks On Tape
90071,Cynthia Basinet
90071,DJ Trevi
90071,Daniel Pearl
90071,Daniel Simon
90071,Danny Herrera
90071,Danny Sugerman
90071,Darian Sahanaja
90071,Darin Epsilon
90071,David Hume Kennerly
90071,Dawes
90071,Deron Johnson
90071,Dj Trevi
90071,Dokken
90071,Don Grierson
90071,Downset.
90071,Dueto Las Voces del Rancho
90071,Dum Dum Girls
90071,Dumb Numbers
90071,Dustin O'Halloran
90071,Dweezil Zappa
90071,Dynasty
90071,Eastern Shadows
90071,Electric Guest
90071,Evan Shanks
90071,Evolove
90071,Expo '70
90071,FIDLAR
90071,FRENSHIP
90071,Fitz and The Tantrums
90071,Flo & Eddie
90071,Foreign Born
90071,Fortune
90071,Foster the People
90071,Freedom Fry
90071,Full Metal Jackie
90071,Future Brown
90071,Gil Sharone
90071,Gingger Shankar
90071,Gitane Demone
90071,Goldfinger
90071,Goldspot
90071,GoodThunder
90071,GoodWill & MGI
90071,Grey
90071,Grupo Exterminador
90071,Guns N' Roses
90071,Gus Black
90071,Hellion
90071,Hittman
90071,Holly and the Italians
90071,Holy Soldier
90071,Human Clay
90071,Illeana Douglas
90071,Illeana J Douglas
90071,Jacques Brautbar
90071,Jamie Stewart
90071,Jan and Dean
90071,Jane's Addiction
90071,Jeff Blue
90071,Jeff Jericho
90071,Jeffrey Blue
90071,Jerry Buss
90071,Jessica Denay
90071,Jim Klein
90071,Jimmy Demers
90071,Jonathan Wilson
90071,Jurassic 5
90071,KCSG
90071,Kazha
90071,Keith Pringle
90071,Kevin L. Evans
90071,Knower
90071,Kwanza Jones
90071,LOONER
90071,Light FM
90071,Lisa Tenner
90071,Love Star
90071,MC Trouble
90071,Mack Rossoff
90071,Madi Diaz
90071,Margate
90071,Mary Jane Girls
90071,Meg Myers
90071,Menace Clan
90071,Michael Eisner
90071,Mike Piccirillo
90071,Moris Tepper
90071,My Ruin
90071,N.A.S.A.
90071,Neon Neon
90071,Nicholas
90071,Nickolai Stoilov
90071,Night Horse
90071,Nightmare and the Cat
90071,Niyaz
90071,No Plan B
90071,Oana Gregory
90071,Oedipus
90071,Owl John
90071,Parade of Lights
90071,Patrick K. Kroupa
90071,Patrick Karel Kroupa
90071,Paul Williams
90071,Phantom Planet
90071,Pigeon John
90071,Pigmy Love Circus
90071,Planet Us
90071,Plvs Vltra
90071,Premature Ejaculation
90071,Press Play
90071,Princeton
90071,Professional Murder Music
90071,Qui
90071,Quiet Riot
90071,Quo
90071,RY X
90071,Radford
90071,Rani Sharone
90071,Raul Campos
90071,Redemption
90071,Rhythm Heritage
90071,Ricardo Lemvo
90071,Rick Boston
90071,Rilo Kiley
90071,Riverdogs
90071,Rod Laver
90071,Roger Rivas
90071,Ronald Meyer
90071,Rooney
90071,Roseland
90071,Roy E. Disney
90071,Ry Cuming
90071,Ryan Petersen
90071,SISU
90071,Sa-Ra
90071,Saccharine Trust
90071,Sada K.
90071,Sam Schulman
90071,Sam Simon
90071,Scott & Rivers
90071,Scott Reynolds
90071,Screams for Tina
90071,Sebu Simonian
90071,Serj Tankian
90071,Shadow King
90071,Shark
90071,She Wants Revenge
90071,Shiny Toy Guns
90071,Sister
90071,Sleep for Sleepers
90071,Slug
90071,Socionic
90071,Son of Sam
90071,Sonic Elements
90071,Soul Khan
90071,Southwest Chamber Music
90071,Spahn Ranch
90071,Sparks
90071,Spirit
90071,Splendid
90071,Steel Panther
90071,Stonehoney
90071,Street Drum Corps
90071,S?uR
90071,Terry Dexter
90071,Tha Alkaholiks
90071,The 5th Dimension
90071,The Belairs
90071,The Black Queen
90071,The Boxing Lesson
90071,The Chelsea Smiles
90071,The Coal Porters
90071,The Deep Eynde
90071,The Del Rubio Triplets
90071,The Durgas
90071,The Foremen
90071,The Gutter Twins
90071,The Last
90071,The Lords of Altamont
90071,The Pin Up Girls
90071,The Red Button
90071,The Red Devils
90071,The Romanovs
90071,The Ruse
90071,The Soul Seekers
90071,The Spazmatics
90071,The Sunshine Company
90071,The Teddy Bears
90071,The Thunderlords
90071,The Wallflowers
90071,The Zoo
90071,Thenewno2
90071,Thom Russo
90071,Thurz
90071,Thurzday
90071,Timi Yuro
90071,ToddZero
90071,Tom Racer
90071,Tone Lōc
90071,Tony Baxter
90071,Tool
90071,Tribal Tech
90071,Trotsky Icepick
90071,Tura Satana
90071,U-N-I
90071,Universal Congress Of
90071,Unruly Child
90071,V & Legacy
90071,VOLTO!
90071,Van Dyke Parks
90071,Vas
90071,Velvet Chain
90071,W.A.S.P.
90071,We Are the Fallen
90071,Weathers
90071,Whitton
90071,Wil-Dog Abers
90071,Wild Colonials
90071,Witch
90071,With You.
90071,Wonderlick
90071,Works Progress Administration
90071,XTRMST
90071,Yehuda Solomon
90071,Yolanda Perez
90071,Yolanda Pérez
90071,Young & Sick
90071,Youth Gone Mad
90210,Baba Rampuri
90210,Betty White
90210,John Kahn
90210,Ronald Richards
90210,The Whooliganz
90220,Coming of Age
90220,Compton's Most Wanted
90220,DJ Yella
90220,Dem Jointz
90220,Guerilla Black
90220,Hot Dollar
90220,J Boog
90220,Jasmyne A. Cannick
90220,Jasmyne Cannick
90220,Keb' Mo'
90220,King Tee
90220,MC Chill
90220,MC Eiht
90220,N.W.A
90220,TQ
90220,Tha Chill
90220,The Fixxers
90220,The Game
90220,World Class Wreckin' Cru
90230,Jeff Rona
90241,Dave Alvin
90241,Richard Carpenter
90241,The Blasters
90250,Al Jardine
90250,Brian Wilson
90250,Dennis Wilson
90250,Dios(malos
90250,Emitt Rhodes
90250,Jennifer Kropp
90250,Jenny Kropp
90250,Mike Love
90250,Redd Kross
90250,The Beach Boys
90254,Black Flag
90254,Circle Jerks
90254,Humble Gods
90254,Jim Lindberg
90254,Pennywise
90254,Tomorrows Bad Seeds
90254,Too Rude
90254,Trenchtown
90255,Slayer
90262,Julio G
90265,Backhouse Mike
90265,Brandon & Leah
90265,Brenton Brown
90265,Jim McLaughlin
90265,Michael Corcoran
90265,Shwayze
90265,Simon Dawes
90265,The Traveling Wilburys
90265,Whitestarr
90266,Barbra Fontana
90266,Descendents
90266,Frank Navetta
90266,Holly McPeak
90266,Leslie Becker
90266,Renee Cleary
90266,Renee Smith Cleary
90275,Claire D'Amore
90275,Claire Robertson
90275,Claire Robertson D'Amore
90275,Lauren Iungerich
90278,Casey Jennings
90278,Casey Thomas Jennings
90278,Jayme Dee
90278,Matt Fuerbringer
90278,"Matthew ""Matt"" Fuerbringer"
90278,October Faction
90278,Sean Michael Rosenthal
90278,Sean Rosenthal
90280,B-Real
90280,Cypress Hill
90290,Natalie A Shaw
90290,Natalie Shaw
90290,The Young Veins
90292,John Juanda
90301,AMG
90301,Allfrumtha I
90301,Cali Swag District
90301,Casey Veggies
90301,DJ Slip
90301,James Fauntleroy
90301,James Fauntleroy II
90301,John Bahler
90301,Mary Mary
90301,O.Y.G Redrum 781
90301,Shade Sheist
90301,Shawn Chrystopher
90301,The Rip Chords
90301,Wizzo
90404,Blood of Abraham
90404,Carlos Gabriel Ni?o
90404,Charlotte Caffey
90404,Defari
90404,Gaelic Storm
90404,Gwyneth Paltrow
90404,James Dean
90404,John J. B. Wilson
90404,Karla Bonoff
90404,Michael Sealy
90404,Nelson
90404,Phranc
90404,Ry Cooder
90404,SIN 34
90503,Aly & AJ
90503,Casey Beathard
90503,Charlie Gillingham
90503,Emily Day
90503,Nicole Branagh
90503,Nicole Christine Branagh
90503,Nip Drivers
90503,Norio F. Hayakawa
90503,Norio Hayakawa
90503,Seahaven
90503,Tim Bluhm
90605,Andrea Barber
90605,Exmortus
90605,Funeral Party
90605,Joy Enriquez
90605,Renegade
90605,Tunnel Rats
90630,Alaina Kwan
90630,Alaina Sue Kwan
90630,HIRAX
90630,Michael Uzowuru
90630,Steven Lee
90631,Ali Tabatabaee
90631,Breakfast with Amy
90631,Dan Radlauer
90631,Jack Cooper
90631,James Ervan Parker
90631,Jennifer Hanson
90631,Jim Parker
90631,Justin Mauriello
90631,Rusty Anderson
90631,Zebrahead
90638,Phinehas
90638,YTCracker
90640,Jack Russell
90650,Cristina Vee
90650,Ron Rinehart
90650,SSQ
90650,Tiffany
90660,Jeanette Jurado
90703,Channel 3
90706,Aaron Embry
90706,Anneliese van der Pol
90706,Flattbush
90706,The Boxmasters
90717,Milo Aukerman
90731,Rotting Out
90731,Toys That Kill
90746,Ab-Soul
90746,Boo-Yaa T.R.I.B.E.
90746,RaVaughn
90746,Ras Kass
90746,Ray J
90746,The HRSMN
90802,Boogie
90802,Butch Cassidy
90802,Camilla Wicks
90802,Christopher Tyng
90802,Civet
90802,Claw Hammer
90802,Clit 45
90802,Cold War Kids
90802,Corrupted Ideals
90802,Creation of Sunlight
90802,Crystal Antlers
90802,Cutthroat Boyz
90802,Das Klown
90802,Daz Dillinger
90802,Deadlights
90802,Domino
90802,Droid
90802,Evan Christopher
90802,Final Conflict
90802,Foesum
90802,Goldie Loc
90802,Guji Lorenzana
90802,Halo Friendlies
90802,Havalina
90802,Hearts Like Lions
90802,I Am Ghost
90802,Ikey Owens
90802,Isaiah \\\\Ikey\\\\ Owens
90802,Jack Maness
90802,Joe Escalante
90802,John Bettis
90802,Juan Rivera
90802,Larisa Stow & Shakti Tribe
90802,Laurie Lewis
90802,Lee Townsend
90802,Lupillo Rivera
90802,Mike Hebert
90802,Modern Warfare
90802,Nitty Gritty Dirt Band
90802,Nu Flavor
90802,Oil
90802,Omid Walizadeh
90802,One Hit Wonder
90802,Pageants
90802,RBX
90802,Randy Bradbury
90802,Repeater
90802,Rival Sons
90802,Ron Welty
90802,Samantha Larson
90802,Secret Hate
90802,Soopafly
90802,Sublime
90802,T.S.O.L.
90802,Tha Dogg Pound
90802,Tha Eastsidaz
90802,Tha Mexakinz
90802,The Brook Lee Catastrophe
90802,The Fling
90802,The Littlest Man Band
90802,The New Fidelity
90802,The Pyramids
90802,The Weatherfords
90802,The Wind
90802,This Wild Life
90802,Timothy DeLaGhetto
90802,Tony Lombardo
90802,Traphik
90802,Tray Deee
90802,Warren G
90802,Yppah
91006,Nikhil Korula
91010,Brian Walton
91016,Meatbodies
91024,Dread Zeppelin
91024,The Prime Movers
91030,Derek Bloom
91030,Doug Boehm
91030,Kurt James
91030,Noelle Scaggs
91101,Alex Van Halen
91101,Autograph
91101,DJ Homicide
91101,Dan Barrett
91101,Dan Dugmore
91101,Don Irving
91101,Dam-Funk
91101,Dām-FunK
91101,Eddie Van Halen
91101,Hodgy Beats
91101,Hodgy Star
91101,Jerry Dixon
91101,Jon B.
91101,Poxy Boggards
91101,Primordial Undermind
91101,Reuben Wilson
91101,Smegma
91101,Steve Roden
91101,The David Lee Roth Band
91101,Troop
91101,Van Halen
91210,All-4-One
91210,Audioslave
91210,Dead Executives
91210,Devin Sarno
91210,Gerardo Mejía
91210,Greg K.
91210,Greg Kriesel
91210,Stirling Dale Silliphant
91210,Stirling Silliphanta
91210,System of a Down
91210,Wayne Massey
91214,Eve 6
91301,Foxygen
91301,Jason Falkner
91301,Linkin Park
91302,Agent Sparks
91302,Audiovent
91302,Incubus
91302,The Mowgli's
91320,Hotwire
91320,Warbringer
91321,George Stone
91324,Vicki Peterson
91343,Haim
91343,The Dickies
91360,Halifax
91360,Kennedy
91361,Alexis Neiers
91384,Rappin' Granny
91402,DJ Hoppa
91423,Bruce E. Lisker
91423,Bruce Lisker
91506,DJ Cheapshot
91506,Echo Hollow
91506,Erling Wold
91506,Heffron Drive
91506,LoveHateHero
91506,Mason Musso
91506,Mystic Moods Orchestra
91506,Touché Amoré
91506,White Sister
91506,Zella Lehr
91601,Brian Austin Green
91604,Steve Sailer
91709,A Static Lullaby
91709,A Thorn for Every Heart
91709,KansasCali
91710,Abe Vigoda
91710,Kennedi Edney
91711,Man Is the Bastard
91711,Ojos Rojos
91711,The Mountain Goats
91711,We Are Scientists
91723,The Bees
91739,Jake Hamilton & the Sound
91739,Matt Rogers
91739,Matthew Rogers
91739,Soup the Chemist
91740,Anna Nalick
91740,Lippy's Garden
91740,The Surfaris
91745,Kevin Song
91761,Joey Scarbury
91765,Adanna Duru
91768,Desperation Squad
91768,Kokane
91768,Milton L. Banks
91768,N'Versity
91768,Xibalba
91770,Audio Karate
91770,Prima J
91786,Aundrea  Fimbres
91786,Aundrea Fimbres
91786,Winds of Plague
91790,Deorro
91803,Foreknown
91901,Being as an Ocean
91902,Ilan Rubin
91911,El Vez
91942,Ryen McPherson
91942,Tanner Sparks
91950,Skid Roper
92003,Carli Lloyd
92014,Craig Taro Gold
92014,Tammy Leibl
92014,Tammy Leibl (formerly Tammy June Webb-Liley
92014,Vaccine
92020,Dustin Boyer
92024,Crossed Out
92024,Mandarin Dynasty
92024,Peter Shmock
92028,Lynda Morales
92037,Gregory Peck
92057,Mr. & Mrs. Something
92057,ZeaLouS1
92057,Zealous1
92064,Agent 51
92064,Blink-182
92064,David James Kennedy
92064,David Kennedy
92064,Scott Raynor
92064,Unwritten Law
92067,Karsta Lowe
92083,Cove Reber
92083,Dogwood
92083,Kathy and Carol
92083,Nickel Creek
92083,Sara Watkins
92083,Sean Watkins
92101,Angels & Airwaves
92101,As I Lay Dying
92101,Austrian Death Machine
92101,Author & Punisher
92101,Battalion of Saints
92101,Cosmologic
92101,Danyew
92101,Gary Puckett & The Union Gap
92101,Hot Snakes
92101,Iron Butterfly
92101,Jabbawockeez
92101,Jennifer C. Douglas
92101,Jennifer Douglas
92101,Joel Piper
92101,John Stewart
92101,Justin Pearson
92101,Marcos Curiel
92101,Mike Fuentes
92101,Monsters from Mars
92101,Nick Martin
92101,Nick Reynolds
92101,Nino Del Pesco
92101,Paula West
92101,Phil Sgrosso
92101,Rob Machado
92101,Robert Walter
92101,Sever Your Ties
92101,Slightly Stoopid
92101,Something Like Silas
92101,Stephen Bishop
92101,Steve Kirk
92101,Steve Poltz
92101,Steven Ybarra
92101,TV Girl
92101,The Cascades
92101,The Rattlesnake Aces
92101,The Soft Pack
92101,Thieves & Liars
92101,Todo Mundo
92101,Tyson Motsenbocker
92101,Upsilon Acrux
92252,Original Harmony Ridge Creekdippers
92253,Yawning Man
92260,Eagles of Death Metal
92260,Fififf Teeners
92260,Josh Homme
92260,Kyuss
92260,Queens of the Stone Age
92260,Slo Burn
92262,Susan Hart
92262,Tyler Hilton
92277,Forever Came Calling
92292,B-Tight
92292,Brant Bjork
92292,DJ Day
92292,Day
92292,Melvin J. Berman
92313,Crystal Egger
92315,Taran Killam
92320,Bloodshed
92320,Brett Gurewitz
92320,Brian Virtue
92320,Career Soldiers
92320,Chad Blinman
92320,Dave Myers and The Surftones
92320,Dayshell
92320,Galt Aureus
92320,Heartist
92320,Home Town Hero
92320,Ithaka
92320,Ithaka Darin Pappas
92320,JFA
92320,Jason Alexander Cruz
92320,Jason Cruz
92320,Jonwayne
92320,Leland Sklar
92320,Litmus Green
92320,Lovelite
92320,Mumps
92320,Oak and Gorski
92320,Shattered Faith
92320,Thomas G Reinecke
92320,Thomas G. Reinecke
92320,Tim Weed
92320,X-Pistols
92336,Hit-Boy
92345,New Boyz
92352,Ian Flannon Taylor
92352,Ian Taylor
92373,Camper Van Beethoven
92373,Cracker
92373,Krista Vansant
92373,Kye Palmer
92373,Skip Ewing
92373,Sleeping Giant
92373,The Tornadoes
92395,Face to Face
92410,Jenoah
92410,John French
92410,John Stephen French
92410,Pam Mark Hall
92410,Paul Lim
92410,Rick Vincent
92506,All Together Separate
92506,Assorted Jelly Beans
92506,Celestaphone
92506,Clare Brunson
92506,Falling Sickness
92506,Heather Myles
92506,Judy Rodman
92506,No Bragging Rights
92506,Nullsleep
92506,Sinai Beach
92506,The BellRays
92506,The Brothers Martin
92506,The Great Commission
92506,The Maxies
92506,The Misunderstood
92506,Travis Mills
92557,Andrew Garcia
92557,Rhythm D
92557,Rhythum D
92562,Brandon Allen Bolmer
92562,Brandon Bolmer
92592,Letter Kills
92592,Sophina DeJesus
92592,Sophina Saadé DeJesus
92592,Tyler Glenn
92592,Xenia
92604,APOCRYPHO
92604,Aaron Bertram
92604,Agent Orange
92604,Atreyu
92604,Beat Junkies
92604,Beau Burchell
92604,Bleed The Sky
92604,Bleeding Through
92604,Brandon Saller
92604,Cold War
92604,Dan O'Mahony
92604,Dustin Kensrue
92604,Ed Breckenridge
92604,Eddie Breckenridge
92604,Eudora
92604,Eye Alaska
92604,Eyes of Fire
92604,Farside
92604,Fear God
92604,Fiction Reform
92604,Flight 180
92604,Fu Manchu
92604,Gene Louis
92604,Headnoise
92604,Home Grown
92604,JamisonParker
92604,Kristen Lawrence
92604,Krystal Meyers
92604,Lex Land
92604,Lit
92604,Michael Sweet
92604,Mind over Four
92604,Molly Lewis
92604,Moonsville Collective
92604,Mêlée
92604,Newport
92604,No For an Answer
92604,Noctuary
92604,PAX217
92604,Paper Thin Walls
92604,Patrick A. Bonfrisco
92604,Patrick Bonfrisco
92604,Phobia
92604,Sahand Quazi
92604,Sahand Quazi (Persian: ???? ?????
92604,Save Ferris
92604,Scott Danough
92604,Scott Doughnut
92604,Starling Glow
92604,Stryper
92604,The Dear & Departed
92604,The Fenians
92604,The Garden
92604,The Radioactive Chicken Heads
92604,The Righteous Brothers
92604,The Sandfleas
92604,The Violet Burning
92604,The Ziggens
92604,Tony Cupito
92604,Value Pac
92604,Zac Baird
92604,Zach Baird
92614,Bojana Todorovic
92614,Bojana Todorovi?
92614,Erfan
92614,Erfan (??????
92614,Kaba Modern
92614,The Bolts
92626,Alfunction
92626,Big Drill Car
92626,Mustard Seed Faith
92626,Of Mice & Men
92629,Andrew McMahon
92629,Brian Ireland
92629,The Growlers
92630,Elaine Clara Marie Hermenia Youngs
92630,Elaine Youngs
92630,Logan Dooley
92648,Altered State
92648,Avenged Sevenfold
92648,Casey Patterson
92648,China White
92648,Christ's Sake
92648,Danny Flores
92648,Darling Thieves
92648,Emblem3
92648,Eric Uglum
92648,GOGO13
92648,Guttermouth
92648,Hippos of Doom
92648,Levi Robin
92648,Millionaires
92648,Pam Bileck
92648,Pamela Jean Bileck-Flat
92648,Patrick Warburton
92648,Reel Big Fish
92648,Ron Emory
92648,Ruby Joe
92648,Saralyn Smith
92648,Take the Crown
92648,The Aquabats
92648,The Black Pacific
92648,The Offspring
92648,The Vandals
92648,Walt Groller
92648,Wanda Ortiz
92651,Rain
92651,Ty Segall
92651,Vegan Reich
92662,Anton Newcombe
92662,April Elizabeth Ross
92662,April Ross
92662,Mark McGrath
92662,Rodney Sheppard
92662,Saosin
92662,Sean Ellis
92662,Stan Frazier
92662,Steve Aoki
92662,Sugar Ray
92662,Warren Fitzgerald
92666,Kiev
92666,Swamp Zombies
92666,Tim Myers
92666,Travis Rush
92666,Well Hung Heart
92674,Charles Frederick Kiraly
92674,Karch Kiraly
92674,Natalie LaRue
92674,The Sandals
92675,Jennifer Anne Kessy
92675,Jennifer Kessy
92677,Charlotte Drury
92677,Charlotte Frances Drury
92677,McKayla Maroney
92677,McKayla Rose Maroney
92683,Geoff Zanelli
92683,Mindrot
92691,Eddie Fisher
92691,Kina Grannis
92703,Bob Carlisle
92703,Free the Robots
92703,Middle Class
92703,Richard Bivens
92703,Steady Ground
92708,Martin James Strech
92708,Marty Strech
92805,Buckcherry
92805,Eric Stefani
92805,Faulter
92805,Jennifer Warnes
92805,No Doubt
92805,Phora
92805,Rock Bottom Remainders
92805,Stephen Hillenburg
92805,The Hoax
92805,The Willowz
92805,Tony Kanal
92832,Adolescents
92832,Alfie Agnew
92832,Audacity
92832,Jared Gomes
92832,Krista Arrieta Kleiner
92832,Krista Kleiner
92832,Norton Simon
92832,Social Distortion
92841,David Choi
92841,Dexter Holland
92841,Scott Klopfenstein
92841,Ty Dennis
92870,D-Loc
92870,Doggy Style
92870,"Dustin ""D-Loc"" Miller"
92870,Kherington Payne
92870,Kottonmouth Kings
92879,Casket Salesmen
92879,Miguelito
92879,Peace 586
92886,Heather Baker
93001,ComputeHer
93001,HeyMike!
93010,Calcutta
93010,Erika Harlacher
93010,Jason Wade
93064,Colleen D'Agostino
93064,Hannah Rose
93064,Pulley
93064,Strung Out
93066,Galvanized Souls
93101,Barbara Rush
93101,Crosby Loggins
93101,Dante Di Loreto
93101,Ernie and the Emperors
93101,Gregg Araki
93101,Jeffrey Peterson
93101,Kara Scott
93101,Nerf Herder
93101,Pressure 4-5
93101,Rudy Rupak
93101,Snot
93101,Summercamp
93101,The Black Watch
93101,This Ascension
93101,Thriving Ivory
93101,Toad the Wet Sprocket
93101,Todd Jonathan Rogers
93101,Todd Rogers
93101,Ultraspank
93101,Uphill Battle
93101,Versus the World
93111,Joey Cape's Bad Loud
93111,Lagwagon
93117,Rebelution
93210,Carissa Phelps
93230,Ashley Slater
93230,Ed Hill
93230,Lennie Moore
93257,Allen Drury
93257,Allen Stuart Drury
93257,Cam Smith (Hotel Books
93257,Hotel Books
93274,Bryan Allen
93274,Bryan L. Allen
93274,Hal Fowler
93277,Butterglory
93280,A Cursive Memory
93280,A Drop in the Gray
93280,A Lighter Shade of Brown
93280,A Lot Like Birds
93280,A Perfect Circle
93280,AC/DShe
93280,ARORA
93280,Abdul Alim Musa
93280,Abecedarians
93280,Above the Law
93280,Abscess
93280,Aceyalone
93280,Acme Rocket Quartet
93280,Act As If
93280,Act of Defiance
93280,Adam Again
93280,Adam Bravin
93280,Adam Christing
93280,Adam Gnade
93280,Adam Merrin
93280,Adam Samuel Goldman
93280,Adler
93280,Adler's Appetite
93280,Admiral Radley
93280,Aesthetic Perfection
93280,After Romeo
93280,Afternoons
93280,Against All Will
93280,Ahmad
93280,Aimee Echo
93280,Aimee Miller
93280,Alaska!
93280,Albert McNeil Jubilee Singers
93280,Alcatrazz
93280,Alessi Brothers
93280,Alex Blanc
93280,Alexander Cardinale
93280,Alien Ant Farm
93280,Alien Crime Syndicate
93280,Alisa Childers
93280,All Night Radio
93280,All Shall Perish
93280,Allah-Las
93280,Allegiance
93280,Allstar Weekend
93280,Alton McClain and Destiny
93280,Alvin and the Chipmunks
93280,Ambrosia
93280,Amen
93280,American Juniors
93280,American Pearl
93280,Amick Byram
93280,Amp Live
93280,AmpLive
93280,Amps for Christ
93280,Amy Chow
93280,Anabel Englund
93280,Andain
93280,Anderson .Paak
93280,Andre Afram Asmar
93280,André Previn
93280,Andy DeMize
93280,Andy The Kid
93280,Angel City Outcasts
93280,Angel Deradoorian
93280,Angel Ibarra
93280,Angel Taylor
93280,Angry Samoans
93280,Animosity
93280,Ankla
93280,Anna Turner
93280,Anna-Lynne Williams
93280,Anotha Level
93280,Another Single Day
93280,Antagonist
93280,Antagony
93280,"Anthony ""Sir Jinx"" Wheaton"
93280,Anything Box
93280,Anywhere
93280,Apex Manor
93280,Aphasia
93280,Apollo
93280,Aqualillies
93280,Arcade
93280,Armik
93280,Armistead Burwell Smith IV
93280,Armored Saint
93280,Armors
93280,Army Navy
93280,Army of Anyone
93280,Arthur Davis
93280,Arthur Lee
93280,Asbestosdeath
93280,Asesino
93280,Ashley Dzerigian
93280,Aspects of Physics
93280,Asphalt Ballet
93280,Assassin
93280,Assemble Head in Sunburst Sound
93280,Astra
93280,Astrovamps
93280,Attaxe
93280,Aubrey O'Day
93280,Audio Push
93280,Audra Lowe
93280,Audrey Napoleon
93280,Augustana
93280,Austin Feinstein
93280,Autolux
93280,Automatic Man
93280,Avengers
93280,Avi Buffalo
93280,Awolnation
93280,Aztlan Underground
93280,B.Slade
93280,BC Jean
93280,Babylon A.D.
93280,Bachelors of Science
93280,Bad Azz
93280,Bad Credit
93280,Bad English
93280,Bad Radio
93280,Bad Religion
93280,Bad Suns
93280,Badlands
93280,Band AKA
93280,Bang Tango
93280,Bar 7
93280,Barren Cross
93280,Barry Carl
93280,Bastard Noise
93280,Baths
93280,Battle Tapes
93280,Battlecat
93280,Beachwood Sparks
93280,Beatbeat Whisper
93280,Beautiful Creatures
93280,Becky Stark
93280,Bedroom Walls
93280,Beefy Red
93280,Before Dark
93280,Before the Mourning
93280,Bellavista
93280,Bellydance Superstars
93280,Ben Bledsoe
93280,Benedictum
93280,Benton Falls
93280,Benümb
93280,Berlin
93280,Best Coast
93280,Beta Play
93280,Bethel Music
93280,Better Luck Next Time
93280,Beulah
93280,Beware of Darkness
93280,Beware of Safety
93280,Bibiana Candelas
93280,Bibiana Candelas Ramírez
93280,Big Black Delta
93280,Big Brother and the Holding Company
93280,Big Daddy
93280,Big Fase 100
93280,Big Japan
93280,Big Time Rush
93280,Bikeride
93280,Bill Goodwin
93280,Bill Lee
93280,Bill Lowrey
93280,Billy Higgins
93280,Billy Hill and the Hillbillies
93280,Birdmonster
93280,Bitter:Sweet
93280,Black Country Communion
93280,Black Infinity
93280,Black Label Society
93280,Black Light Burns
93280,Black Pearl
93280,Black Pine
93280,Black Randy and the Metrosquad
93280,Black Snake Moan
93280,BlackBlack
93280,Blackburner
93280,Blake Sennett
93280,Bleached
93280,Blectum from Blechdom
93280,Bleed the Dream
93280,Blind Illusion
93280,Blinky
93280,Blood on the Saddle
93280,Blu
93280,Blue Cheer
93280,Bluesberry Jam
93280,Bob & Earl
93280,Bob James
93280,Bob Kakaha
93280,Bobby Brackins
93280,Bobby Freeman
93280,Bobby Joe Ebola and the Children MacNuggits
93280,Bobby and the Midnites
93280,Body Count
93280,Bomarr
93280,Bomb Zombies
93280,Boneless Children Foundation
93280,Bones
93280,Boris Smile
93280,Bosse-de-Nage
93280,Box Car Racer
93280,Bracket
93280,"Brad ""Daddy X"" Xavier"
93280,Brain Drill
93280,Braindead Soundmachine
93280,Brandan Schieppati
93280,BrandenBeatBoy
93280,Brandy
93280,Brandy Moss-Scott
93280,Brandy Norwood
93280,Bray
93280,Brazzaville
93280,Bread
93280,Brenden Shucart
93280,Brian Grazer
93280,Brian LeBarton
93280,Brian Lebarton
93280,Brian Ray
93280,Brides of Destruction
93280,Brooke Sweat
93280,Brooke Valentine
93280,Brooke Youngquist
93280,Brooke Youngquist Sweat
93280,Brother Reade
93280,Brownside
93280,Brownstone
93280,Bruce Lee Band
93280,Brujeria
93280,Brutha
93280,Bryce Vine
93280,Bryn Davies
93280,Brynn Gersmehl
93280,Buck-O-Nine
93280,Bucky Jonson
93280,Bud'da
93280,Buddy
93280,Bulimia Banquet
93280,BulletBoys
93280,Burning Rain
93280,Burning Sensations
93280,Butcher Babies
93280,Butt Trumpet
93280,CHARLOTTE
93280,CHON
93280,CJ Mac
93280,CPO
93280,Cacophony
93280,Cage
93280,Cairo
93280,Caleigh Peters
93280,California Breed
93280,California Redemption
93280,Caliwood Hollyfornia
93280,Calyssa Davidson
93280,Camille Davila
93280,Camille Dávila
93280,Can Kim Hua
93280,Canned Heat
93280,Capital Cities
93280,Capra
93280,Captain & Tennille
93280,Captured! by Robots
93280,Carah Faye Charnow
93280,Carla Werner
93280,Carmaig de Forest
93280,Carmen
93280,Carnage
93280,Carnifex
93280,Carrie Lucas
93280,Cary Brothers
93280,Castaneda
93280,Castanets
93280,Catherine
93280,Cattle Decapitation
93280,Cayucas
93280,Celer
93280,Celtic Spring
93280,Cephalotripsy
93280,Ceremony
93280,Chad Smith's Bombastic Meatbats
93280,Chain of Strength
93280,Chalk FarM
93280,Chanté Moore
93280,Charity
93280,Charles Wright & the Watts 103rd Street Rhythm Band
93280,Charming Hostess
93280,Chase Long Beach
93280,Chaz Bono
93280,Chemical People
93280,Chemy Soibelman
93280,Chilly Chill
93280,Chop Chop
93280,Chosen Effect
93280,Chris Cohen
93280,Chris Gaffney
93280,Chris Karagulleyan
93280,Chris Murphy
93280,Chris Pitman
93280,Chris Robinson Brotherhood
93280,Chris Schlarb
93280,Chris Shiflett
93280,Christian Death
93280,Christian Lee Hutson
93280,Christie Brinkley
93280,Christine Beatty
93280,Chrome
93280,Chuck Dukowski
93280,Chuck Higgins
93280,Chuckii Booker
93280,Cindy Alexander
93280,Circa
93280,Circus
93280,Circus Diablo
93280,Circus Tents
93280,Citay
93280,Citizens Here and Abroad
93280,City (Comma) State
93280,Claire Voyant
93280,Claude Bessy
93280,Claude Coats
93280,Clayton-Hamilton Jazz Orchestra
93280,Clear Static
93280,Cleto and the Cletones
93280,Climax
93280,Club Nouveau
93280,Clyde Carson
93280,Coachwhips
93280,Coast Modern
93280,Coconut Records
93280,Codename Mike
93280,Coke Escovedo
93280,Cold Cave
93280,Cold Forty Three
93280,Cole Plante
93280,Colette Carr
93280,Collage
93280,Colleen Green
93280,College Boyz
93280,Collide
93280,Collinz Room
93280,Colonel Les Claypool's Fearless Flying Frog Brigade
93280,Comets on Fire
93280,Compton Menace
93280,Concrete Blonde
93280,Confide
93280,Cormorant
93280,Count Five
93280,Count Justice
93280,Country Dick Montana
93280,Country Weather
93280,Craig Chaquico
93280,Crash Worship
93280,Crazy Horse
93280,Crazy Town
93280,Creative Adult
93280,Creeper Lagoon
93280,Crime In Choir
93280,Crimson
93280,Crocodiles
93280,"Crosby, Stills, Nash & Young"
93280,Crosses
93280,Crumb?cher
93280,Cruzados
93280,Cryptacize
93280,Cryptic Slaughter
93280,Crystal Skulls
93280,Culann's Hounds
93280,Curtis Macdonald
93280,Curtiss King
93280,Cymphonique Miller
93280,Cynthesis
93280,D-Styles
93280,D. J. Rogers
93280,D.I.
93280,DANiiVORY
93280,DJ Ammo
93280,DJ Dahi
93280,DJ Khalil
93280,DJ Mustard
93280,DJ Nu-Mark
93280,DJ Rose
93280,DKFXP
93280,DNCE
93280,DOROTHY
93280,DWNTWN
93280,DWV
93280,Da Lench Mob
93280,Dada
93280,Daddy Kev
93280,Daddy X
93280,Daedelus
93280,Daisy Dern
93280,Dale Turner
93280,Dallas Kruse
93280,DallasK
93280,Damien LeRoy
93280,Damn Yankees
93280,Damon Sharpe
93280,Damu Ridas
93280,Dan Harrington
93280,Dan Potthast
93280,Dance Gavin Dance
93280,Daniel Amos
93280,Danny Faragher
93280,Danny Im
93280,Danny Nucci
93280,Danny O. Faragher
93280,Dark Angel
93280,Dark Waves
93280,Darlene Love
93280,Darren Farris
93280,Daughters of Mara
93280,Dave Hillyard
93280,Dave Palmer
93280,Dave Pensado
93280,David Anderle
93280,David Daughtry
93280,David Grisman Quintet
93280,David Hillyard
93280,David Murray
93280,Dax Pierson
93280,Days Between Stations
93280,Dayseeker
93280,Dazzie Dee
93280,Dead Artist Syndrome
93280,Dead Fucking Last
93280,Dead Kennedys
93280,Dead Man's Bones
93280,Dead Sara
93280,Dead Winter Carpenters
93280,Dead by Sunrise
93280,Dead to Me
93280,Deadlee
93280,Deadsy
93280,Deafheaven
93280,Deap Vally
93280,Death by Stereo
93280,Death to Anders
93280,DeathRiders
93280,Deathday
93280,Debate Team
93280,Deconstruction
93280,Deeds of Flesh
93280,Deep Dark Robot
93280,Deep Dickollective
93280,Deep Puddle Dynamics
93280,Deep Voices
93280,Deerhoof
93280,Defiance
93280,Defiler
93280,Del the Funky Homosapien
93280,Delaney & Bonnie
93280,Delinquent Habits
93280,Deliverance
93280,Delta Spirit
93280,Delta-S
93280,Dennis Provisor
93280,Denny Carmassi
93280,Depswa
93280,Desirée Goyette
93280,Destroy the Runner
93280,Deuce
93280,Devil You Know
93280,DevilDriver
93280,Dez Fafara
93280,Dia De Los Muertos
93280,Dibiase
93280,Die Trying
93280,Diego's Umbrella
93280,Dig
93280,Digi+Phonics
93280,Digital Underground
93280,Dilated Peoples
93280,Dillard & Clark
93280,Dillon Francis
93280,Dionysos
93280,Dirty Heads
93280,Dirty Looks
93280,Dirty Penny
93280,Dirty White Boy
93280,Disflex6
93280,Dishwalla
93280,Dispirit
93280,Distant Cousins
93280,Distant Relatives
93280,Diva Destruction
93280,Divine Heresy
93280,Djam Karet
93280,Doctor Steel
93280,Dog Boy
93280,Doggy's Angels
93280,Dollshead
93280,Domenica
93280,Dominant Legs
93280,Dominic Balli
93280,Don Cisco
93280,Don Yee
93280,Donald H. Yee
93280,Donavon Frankenreiter
93280,Dot Hacker
93280,Double Take
93280,Doug Rhodes
93280,Down by Law
93280,Doyle Holly
93280,Dr. Rock
93280,Dream
93280,Dresden and Johnston
93280,Dresta
93280,Drew Deezy
93280,Drive Like Jehu
93280,Drop City Yacht Club
93280,Dry Cell
93280,Dryve
93280,Dub Thompson
93280,Dublin Death Patrol
93280,Dumblonde
93280,Durga McBroom
93280,Dust Brothers
93280,Dusty Rhodes and the River Band
93280,Duvid Swirsky
93280,Dynamic Twins
93280,Dévics
93280,E. Kidd Bogart
93280,E.S. Posthumus
93280,EZ-Street
93280,Eager Seas
93280,Eagles
93280,Earl Sweatshirt
93280,Early Graves
93280,Earshot
93280,Eartha
93280,Earthless
93280,East West
93280,Eastmountainsouth
93280,Echoes of Eternity
93280,Echosmith
93280,Ed Masuga
93280,EdIT
93280,Eddie & the Tide
93280,Edmund Sylvers
93280,Ednaswap
93280,Edward Sharpe and the Magnetic Zeros
93280,Edwin Birdsong
93280,Edwin L. Birdsong
93280,Eighteen Visions
93280,El Ten Eleven
93280,Elan Atias
93280,Eleanor Coppola
93280,Electric Love Hogs
93280,Eleven
93280,Elijah Blue Allman
93280,Eliquate
93280,Ellwood
93280,Emanon
93280,Emanuela Bellezza
93280,Embers
93280,Emerson Windy
93280,Emily's Sassy Lime
93280,Enablers
93280,Enemy You
93280,Engine 88
93280,Epidemic
93280,Erase Errata
93280,Eric Bellinger
93280,Eric Clayton
93280,Eric Friedman
93280,Eric Hester
93280,Eric Kunze
93280,Eric McFadden
93280,Eric Stenman
93280,Ericka Yancey
93280,Ernest Bennett
93280,Ernie Andrews
93280,Ernie Halter
93280,Eskmo
93280,Eulogies
93280,Evan Kidd Bogart
93280,Everest
93280,Everybody Was in the French Resistance...Now!
93280,Everyone Orchestra
93280,Evidence
93280,EvilDead
93280,Exile
93280,Expen$ive Taste
93280,Explorers Club
93280,Extra Prolific
93280,F-Minus
93280,F. Bill Goodwin
93280,F.Y.P
93280,FFS
93280,FM Bats
93280,FOREVER
93280,Factrix
93280,Faith No More
93280,Faizon Love
93280,Falling Cycle
93280,False Alarm
93280,Family of the Year
93280,Fant?mas
93280,Far East Movement
93280,Fasedown
93280,Fashawn
93280,Fatgums
93280,Fattburger
93280,Fear
93280,Fear Factory
93280,"Fenton ""Jonesy"" Jones"
93280,Fenton Jones
93280,Ferras
93280,Fiction Family
93280,Fifty Foot Hose
93280,Fight Fair!
93280,Film School
93280,Filthy Thieving Bastards
93280,Finch
93280,Fingazz
93280,Fireball Ministry
93280,First Blood
93280,Fisher
93280,Fishtank Ensemble
93280,Fishwife
93280,Flamin' Groovies
93280,Flash Bang Grenada
93280,Fleshwrought
93280,Flipper
93280,Flogging Molly
93280,Fly Panda
93280,Flying Lotus
93280,Flynn Adam
93280,Focused
93280,Fol Chen
93280,Fold Zandura
93280,Fonda
93280,Forbidden
93280,Fort Minor
93280,Fortunate Fall
93280,Four Star Mary
93280,Frank The Baptist
93280,Frankie
93280,Fred Jackson Jr.
93280,"Fred Jackson, Jr."
93280,Fred W Warmsley iii
93280,Fred Warmsley
93280,Freddie Perren
93280,Free Moral Agents
93280,Freescha
93280,Freestyle Fellowship
93280,French Frith Kaiser Thompson
93280,From Indian Lakes
93280,From Monument to Masses
93280,Funeral Diner
93280,Further
93280,Future User
93280,Future of Forestry
93280,Futures End
93280,Fuzz
93280,G.R.L.
93280,GRMLN
93280,Gabby La La
93280,Gabe Lopez
93280,Gabriel & Dresden
93280,Gabrielle “Goldie” Nowee
93280,Gangrene
93280,Gangsta Dresta
93280,Gardens & Villa
93280,Garfunkel and Oates
93280,Gary Lewis
93280,Geggy Tah
93280,Gene Roddenberry
93280,General Caine
93280,Geographer
93280,George Sarah
93280,Germs
93280,Gerry Brown
93280,Get Back Loretta
93280,Ghost Machine
93280,Ghost Town
93280,Giant Drag
93280,Gina Green
93280,Gina Villalobos
93280,Giraffage
93280,Girlicious
93280,Globelamp
93280,Globus
93280,Go Ahead
93280,GoGoGo Airheart
93280,Goapele
93280,Goatsnake
93280,Goblin Cock
93280,Golden Void
93280,Golden Youth
93280,Gonjasufi
93280,GoonRock
93280,Got a Girl
93280,Grade 8
93280,Graf Orlock
93280,Graham Central Station
93280,Grandaddy
93280,Grant Lee Buffalo
93280,Grass Widow
93280,Gratitude
93280,Gravedigger Five
93280,Grayceon
93280,Greg Laswell
93280,Greta
93280,Greydon Square
93280,Grip Inc.
93280,Groovie Ghoulies
93280,Groundation
93280,H.W.A.
93280,HSAS
93280,Habeas Corpus
93280,Haiku D'Etat
93280,Half Way Home
93280,Halo Circus
93280,"Hamilton, Joe Frank & Reynolds"
93280,Hands
93280,Hard 'n Phirm
93280,Harriet
93280,Harry Van Dyke
93280,Harry'O The Vandizzle
93280,Harvester
93280,Hatesex
93280,Hatriot
93280,He Met Her
93280,He's My Brother She's My Sister
93280,Head Wound City
93280,Headset
93280,Health
93280,Heart of Gold Band
93280,Heathen
93280,Heaven & Hell
93280,Heavy Bones
93280,Heavy Young Heathens
93280,Helen Baylor
93280,Hella
93280,Hellbillys
93280,Hellogoodbye
93280,Help
93280,Hepcat
93280,Her Space Holiday
93280,Heretic
93280,Heroin
93280,Hey Violet
93280,Hi-C
93280,Hickey
93280,Hieroglyphics
93280,High Inergy
93280,Hilary
93280,Holcombe Waller
93280,Hole
93280,Hollywood Monsters
93280,Hollywood Rose
93280,Holy Grail
93280,Holy Molar
93280,Holychild
93280,Honey Cone
93280,HoneyHoney
93280,Honk
93280,Hoobastank
93280,Hopsin
93280,Horse the Band
93280,Houston
93280,Howard Hewett
93280,Howlin' Rain
93280,Human Drama
93280,Human Waste Project
93280,Huntress
93280,Hunx and His Punx
93280,Hurt-M-Badd
93280,Hymie's Basement
93280,Hyper Crush
93280,Hypnogaja
93280,I Am Empire
93280,I Am Spoonbender
93280,I See Hawks In L.A.
93280,I the Mighty
93280,Icky Boyfriends
93280,Idaho
93280,Idiot Flesh
93280,Iglu & Hartly
93280,Ignite
93280,Ill Repute
93280,Ima Robot
93280,Immature
93280,Impellitteri
93280,Impending Doom
93280,Imperative Reaction
93280,Imperial Teen
93280,In Fear and Faith
93280,In Theory (band
93280,In This Moment
93280,Inara George
93280,Inc. No World
93280,Inch
93280,Indian Summer
93280,Innaway
93280,Inside Out
93280,Into The Presence
93280,Intro5pect
93280,Intronaut
93280,Intuition
93280,Invisibl Skratch Piklz
93280,Invitro
93280,Iration
93280,Irving
93280,Isyss
93280,It's OK!
93280,It's a Beautiful Day
93280,J Smooth
93280,J-Ro
93280,J. J. Fad
93280,J. Wells
93280,J.Period
93280,JS
93280,Jack LaLanne
93280,Jack Schaeffer
93280,Jack T. Chick
93280,Jack ü
93280,Jack's Mannequin
93280,Jackie Loughery
93280,Jackson Browne
93280,Jackson United
93280,Jade Puget
93280,Jadin Wong
93280,Jae Deal
93280,Jah Paul Jo
93280,Jakob Dylan
93280,James Brolin
93280,James Robinson
93280,Jamie's Elsewhere
93280,Janet Dacal
93280,Janet Robin
93280,Janet Weiss
93280,Jared Emerson-Johnson
93280,Jasmine Sandlas
93280,Jason Evigan
93280,Jason Nevins
93280,Jason Thirsk
93280,Jasper Dolphin
93280,Jayo Felony
93280,Jazzyfatnastees
93280,Je'kob
93280,Jeff Trott
93280,Jefferson Airplane
93280,Jefferson Starship
93280,Jeffrey Daniel
93280,Jeffries Fan Club
93280,Jefre Cantu-Ledesma
93280,Jellyfish
93280,Jemimah Puddleduck
93280,Jenette Goldstein
93280,Jenna Lee
93280,Jennifer Fopma
93280,Jenny Lee Lindberg
93280,Jenny Lewis
93280,Jeremiah Jae
93280,Jerome Fontamillas
93280,Jerry Garcia Acoustic Band
93280,Jerry Mathers
93280,Jerry Peters
93280,Jerry Riopelle
93280,Jessi Jae Joplin
93280,Jessica Riddle
93280,Jesters of Destiny
93280,"Jim ""Motorhead"" Sherwood"
93280,Jim Sherwood
93280,Jimmy Burney
93280,Joanna St. Claire
93280,Joe Nanini
93280,Joe Puerta
93280,Joel Geddis
93280,Joey Fatts
93280,Joey Waronker
93280,John Dawson
93280,John Densmore
93280,John Doe
93280,John McEuen
93280,John Phan
93280,John Shanks
93280,John Speraw
93280,John Torres
93280,Johnny Bonnel
93280,Johnny Crash
93280,Johnny Kitagawa
93280,Jon C
93280,Jon Faddis
93280,Jon-John Robinson
93280,Jonathan Kos-Read
93280,Jonezen
93280,Jonnie and Brookie
93280,Jonny Wickersham
93280,Jordan Dalrymple
93280,Josh Gabriel
93280,Joshua
93280,Journey
93280,"Joyce ""Fenderella"" Irby"
93280,Joyce Irby
93280,Joyce Manor
93280,Jubilee
93280,Judgement Day
93280,Julian Temple Band
93280,Julian Wass
93280,Julien-K
93280,Justice League
93280,Justin Chart
93280,Justin Pinkerton
93280,Jutty Ranx
93280,K-DEE
93280,K-Dee
93280,KBC Band
93280,KING
93280,KSM
93280,Kam
93280,Kan Kick
93280,Kane
93280,Kankick
93280,Karen Carpenter
93280,Karmacoda
93280,Karyn White
93280,Kassem G
93280,KassemG
93280,Kausion
93280,Keaton Simons
93280,Keel
93280,Keenwild
93280,Kehlani
93280,Kehlani Parrish
93280,Kemuri
93280,Kenny Lyon
93280,Kero One
93280,Kevin Blechdom
93280,Kevin Costner
93280,Kevorkian Death Cycle
93280,Kid Beyond
93280,Kid Cadaver
93280,Kiddo
93280,Kik Tracee
93280,Kill The Scientist
93280,Killing the Dream
93280,Killradio
93280,Kim Walker-Smith
93280,Kirby Dominant
93280,Kisses
93280,Kisses for Kings
93280,Kitten
93280,Klymaxx
93280,Knapsack
93280,Kneebody
93280,Kommunity FK
93280,Korn band members
93280,Kottak
93280,Krash Karma
93280,Kristy Gazes
93280,Kyle Eastwood
93280,Kyle Gass Band
93280,Kyng
93280,L.A. Dream Team
93280,L.A. Guns
93280,L.A. Symphony
93280,L.E. Doug Staiman
93280,L.V.
93280,LBC Crew
93280,LMFAO
93280,LMNT
93280,LPG
93280,La Plebe
93280,La Sera
93280,La'Myia Good
93280,Lab Waste
93280,Lane 8
93280,Lantz L'Amour
93280,Last Falling
93280,Latch Key Kid
93280,Latent Anxiety
93280,Latin Soul Syndicate
93280,Lavender Diamond
93280,Lawndale
93280,Lazlo Bane
93280,Le Shok
93280,Le Youth
93280,Leah Andreone
93280,Learning Music
93280,Leather Charm
93280,Leatherwolf
93280,Lee Presson and the Nails
93280,Left Brain
93280,Lefty
93280,Legaci
93280,Leif Garrett
93280,Lennon Sisters
93280,Leon Sylvers III
93280,Leroy Vinnegar
93280,Les Friction
93280,Leslie and the Badgers
93280,Less
93280,Let's Go Bowling
93280,Let's Go Sailing
93280,Letting Up Despite Great Faults
93280,Leviathan Brothers
93280,Levinhurst
93280,Lew Nottke
93280,Libbie Schrader
93280,Life After Life
93280,Lifesavers Underground
93280,Light This City
93280,Lil Rob
93280,Limbeck
93280,Limp
93280,Lindy Robbins
93280,Lionheart
93280,Lisa Bruce
93280,Lisa Coleman
93280,Lisa Daggs
93280,Lisa Marx
93280,Lita Ford
93280,Little Bruce
93280,Little Caesar
93280,Little Feat
93280,Little Joy
93280,Livin Out Loud
93280,Living Legends
93280,Liza Fox
93280,Lizzy Borden
93280,Lock Up
93280,Lokomotiv
93280,Loma Prieta
93280,London After Midnight
93280,Long Beach Dub Allstars
93280,Long Beach Shortbus
93280,Loomis Fall
93280,Loose Logic
93280,Lootpack
93280,Loquat
93280,Loren Israel
93280,Lori Linstruth
93280,Los Abandoned
93280,Los Cenzontles
93280,Los Illegals
93280,Los Rakas
93280,Los Tucanes De Tijuana
93280,Lost Dogs
93280,Lost Ocean
93280,Lost in Los Angeles
93280,Louis XIV
93280,Love
93280,Love Spirals Downwards
93280,LoveRance
93280,Lovers Make Liars
93280,Low Millions
93280,Low Pop Suicide
93280,Low Profile
93280,Low vs Diamond
93280,Lowen & Navarro
93280,Lucky Dragons
93280,Luicidal
93280,Luke Christopher
93280,Luniz
93280,Lusk
93280,Lynch Mob
93280,Lyrics Of Two
93280,L??z Rockit
93280,MAGIC GIANT
93280,MX Machine
93280,Mac Sabbath
93280,Mack 10
93280,Mad Caddies
93280,Mad at Gravity
93280,Magellan
93280,Main Attrakionz
93280,Majel Barrett
93280,Make Out Monday
93280,Mako
93280,Malbec
93280,Malcolm Boyd McNab
93280,Malcolm McNab
93280,Maldroid
93280,Mandy Ventrice
93280,Maneepat Molloy
93280,Manic Hispanic
93280,Mankind Is Obsolete
93280,Manmade God
93280,Manntis
93280,Manny Marroquin
93280,Mansions on the Moon
93280,Mantra Sunrise
93280,Manzarek-Krieger
93280,Map
93280,Marc E. Bassy
93280,Maria McKee
93280,Mario Calire
93280,Mario Rubalcaba
93280,Mark & the Escorts
93280,Mark Balderas
93280,Mark Canton
93280,Mark Etheredge
93280,Mark Karan
93280,Mark Morgan
93280,Mark Mueller
93280,Mark Spiro
93280,Mark St. John
93280,Marriages
93280,Marsha Stevens
93280,Marti Frederiksen
93280,Marty James
93280,Matt Freeman
93280,Matthewdavid
93280,Mavie Marcos
93280,Maxeen
93280,Mazzy Star
93280,Medication
93280,Medicine
93280,Megadeth
93280,Mellow Man Ace
93280,Mellowdrone
93280,Melvin Seals
93280,Menajahtwa
93280,Merciless Death
93280,Mercy Killers
93280,Mestizo
93280,Metallica
93280,Methods of Mayhem
93280,Metro Station
93280,Mia Doi Todd
93280,Michael Fitzpatrick
93280,Michael Leviton
93280,Michael Lockwood
93280,Michael Lord
93280,Michael Shrieve
93280,Michael Wycoff
93280,Michele Pillar
93280,Midnight Movies
93280,Miguel Migs
93280,Mika Miko
93280,Mike Dimkich
93280,Mike Donovan
93280,Mike Free
93280,Mike G
93280,Mike Johnston
93280,Mike Post
93280,Mike Relm
93280,Mike Spreitzer
93280,Mikey Hachey
93280,Miles Mosley
93280,Miles Tackett
93280,Milo Greene
93280,Mimi Page
93280,Minh Ly
93280,Mini Mansions
93280,Minimal Man
93280,Minutemen
93280,Mishon
93280,Mishon Ratliff
93280,Missing Persons
93280,Mista Grimm
93280,Mndsgn
93280,MoKenStef
93280,Moby Grape
93280,Model A
93280,Model Engine
93280,ModelSaint
93280,Mohinder
93280,Mojack
93280,Molly Jenson
93280,Monarch
93280,Monks of Doom
93280,Monsters of Rock
93280,Morgan J. Freeman
93280,Morgan Kibby
93280,Morning Spy
93280,Morrisson
93280,Morrisson Kaye
93280,Mortal
93280,Moving Units
93280,Mr. Big
93280,Mr. Criminal
93280,Mr. J. Medeiros
93280,Mr. Short Khop
93280,Muleskinner (band
93280,Murder Construct
93280,Murphy Karges
93280,My American Heart
93280,My Gym Children's Fitness Center Official Logo
93280,Myra Molloy
93280,M?tley Crüe
93280,N. F. Porter
93280,NASA Space Universe
93280,NOFX
93280,Name Taken
93280,Nashville West
93280,Nate Dogg
93280,Nathan Max
93280,Nationwide Rip Ridaz
93280,Navene Koperweis
93280,Nearly
93280,Nebula
93280,Necessary Response
93280,Nedelle Torrisi
93280,Nekro G
93280,Nekrogoblikon
93280,Nels Cline Trio
93280,Neon Horse
93280,Nervous Gender
93280,Neurosis
93280,Neve
93280,Nevea Tears
93280,New Diplomat
93280,New Radicals
93280,New Regime
93280,New Riders of the Purple Sage
93280,New Years Day
93280,Nicholas Markowitz
93280,Nicholas Vasallo
93280,Nick 13
93280,Nick Jonas & the Administration
93280,Nico Vega
93280,Niggaz on tha Run
93280,Night Club
93280,Night Ranger
93280,Nikki Flores
93280,Nikki Leonti
93280,Nikkole
93280,Nite City
93280,Nite Jewel
93280,Nitro
93280,No Age
93280,No Innocent Victim
93280,No Motiv
93280,Noa James
93280,Nobody
93280,Nobody Special
93280,Nobody's Angel
93280,Nocando
93280,Noise Ratchet
93280,Nolan Porter
93280,Noodles
93280,Norin & Rad
93280,Novacaine
93280,Novi Novog
93280,Novi Split
93280,Nuclear Rabbit
93280,Nude
93280,Number One Gun
93280,Nural
93280,NxWorries
93280,Nyles Lannon
93280,O.T. Genasis
93280,OC Times
93280,OCELOT
93280,OPM
93280,Oblivion
93280,Ocelot
93280,Odd Future
93280,Odetta & Larry
93280,Off!
93280,Oh No Not Stereo
93280,Old Man Markley
93280,Oleander
93280,Olivelawn
93280,Ollie & Jerry
93280,Om
93280,Omen
93280,Once Dead
93280,Once Human
93280,One Day As A Lion
93280,One Inch Punch
93280,One Man Army
93280,One Voice
93280,Onesidezero
93280,Open Hand
93280,Operators!
93280,"Or, The Whale"
93280,Orange
93280,Orange Coast Musical Arts
93280,Oranger
93280,Oren Yoel
93280,Orgone
93280,Orgy
93280,Orson
93280,Oslo
93280,Otep
93280,Otis & Shugg
93280,OverDoz.
93280,Overjoy
93280,Overkill
93280,Owl
93280,Oxbow
93280,Ozma
93280,Ozomatli
93280,P.O.D.
93280,PE 2.0
93280,PHASES
93280,Pablo Cruise
93280,Pacific Mambo Orchestra
93280,Pages
93280,Painted Willie
93280,Pansy Division
93280,Par Avion
93280,Paranoid Castle
93280,Paris
93280,Paris Zax
93280,Parlor Hawk
93280,Pasadena Boys Choir
93280,Pat Thrall
93280,Patrick Dennis
93280,Patrick Muzingo
93280,Paul Thomson
93280,Pebaluna
93280,Pedestrian
93280,Peel
93280,Peggy Gilbert
93280,People Under The Stairs
93280,Pete Mazich
93280,Phantasm
93280,Phantom Blue
93280,Phil Lesh and Friends
93280,Phil Wickham
93280,Phillip Ingram
93280,Phoebe Bridgers
93280,Pierce the Veil
93280,Pinback
93280,Pistol Youth
93280,Pivit
93280,Platoon 1107
93280,Plexi
93280,Pocahaunted
93280,Poco
93280,Point Of Recognition
93280,Polar Bear
93280,Pollyn
93280,Pomplamoose
93280,Pooh-Man
93280,Poolside
93280,Pop Noir
93280,Poperratic
93280,Poreotics
93280,Porno for Pyros
93280,Port O'Brien
93280,Possessed
93280,Potluck
93280,Pour Habit
93280,Prahlad Friedman
93280,Prairie Madness
93280,Pressure Point
93280,Prick
93280,Primitive Race
93280,Problem
93280,Project 86
93280,Promises
93280,Prophets of Rage
93280,Prototype
93280,Pseudopod
93280,Psi Com
93280,Psychefunkapus
93280,Psychosiz
93280,Psychotic Waltz
93280,Psyclon Nine
93280,Public Nuisance
93280,Puscifer
93280,Quartet San Francisco
93280,Quasimoto
93280,Quazedelic
93280,Quest Crew
93280,Quetzal
93280,R.L. Kelly
93280,R5
93280,ROOM 1202
93280,RT N' THE 44s
93280,RYAT
93280,Racer X
93280,Rachael Cantu
93280,Rad
93280,Radagun
93280,Rademacher
93280,Radio Werewolf
93280,Radioinactive
93280,Rafter
93280,Rage Against the Machine
93280,Rain Parade
93280,Rakaa
93280,Raleigh Moncrief
93280,Ralph Sae
93280,Ralph Saenz
93280,RapScallions
93280,Raphael
93280,Rapidfire
93280,Ras G
93280,RatDog
93280,Rattlebone
93280,Raymond and Scum
93280,Re-Volts
93280,Reaching Quiet
93280,Rebekah Del Rio
93280,Recon
93280,Red Hot Chili Peppers
93280,Red House Painters
93280,Red Square Black
93280,Red Temple Spirits
93280,Redbone
93280,Relentless7
93280,Resorte
93280,Rhino Bucket
93280,Rhythm & Noise
93280,Rich Kids on LSD
93280,Richard Berry
93280,Richard Cheese
93280,Richard Elliot
93280,Richard Farnsworth
93280,Richard Greene
93280,Richard Swift
93280,Richie Zito
93280,Rick & The Ravens
93280,Rick Froberg
93280,Ricky Maymi
93280,Ridel High
93280,Riley and the Roxies
93280,Riven
93280,Rizzo
93280,Roach Gigz
93280,Road
93280,Road Crew
93280,Road Dawgs
93280,Rob Crow
93280,Robbie Nevil
93280,Robert Parrish
93280,Robert Rich
93280,Robert Turner
93280,Roberto Miguel
93280,Roberto Miguel Reyes
93280,Rocco DeLuca
93280,Rock Kills Kid
93280,Rock Sugar
93280,Rocket Scientists
93280,Rocket from the Crypt
93280,Rogét Chahayed
93280,Romeo Void
93280,Ron Hargrave
93280,Rondo Brothers
93280,Roscoe
93280,Rose Royce
93280,Rosemary's Billygoat
93280,Roslynn Cobarrubias
93280,Roxanne
93280,Roy English
93280,Royal Crown Revue
93280,Ruben Rodriguez and His Guadalajara Kings
93280,Ruby
93280,Rufio
93280,Rumspringa
93280,Rupa & the April Fishes
93280,Russ Parrish
93280,Russell Holmes
93280,Russell Kenneth Holmes
93280,Russell Parrish
93280,Rx Bandits
93280,Ryan Beatty
93280,Ryan Dallas Cook
93280,Ryan Paevey
93280,Ryan Roxie
93280,Ryat
93280,Ryn Weaver
93280,SATELLITE
93280,SFJAZZ Collective
93280,SK La' Flare
93280,SONOIO
93280,Sabrosa Purr
93280,Sadistic Intent
93280,Saint Motel
93280,Sam Watters
93280,Samantha James
93280,Samantha Shapiro
93280,Samiyam
93280,Samuel Adams
93280,Samuel Carl Adams
93280,Santana
93280,Sara Niemietz
93280,Sarah Fasha
93280,Sarah Gertrude Shapiro
93280,Sarah Lee Guthrie & Johnny Irion
93280,Sarah Shapiro
93280,Saros
93280,Sasquatch
93280,Saucy Monky
93280,Savage Grace
93280,Savage Sun
93280,Saviour Machine
93280,ScHoolboy Q
93280,Scars of Tomorrow
93280,Scaterd Few
93280,Schoolboy Q
93280,Science Faxtion
93280,Scissors For Lefty
93280,Scoe
93280,Scoop DeVille
93280,Scorpios
93280,Scotland Yard
93280,Scott Ford
93280,Sea Hags
93280,Seals and Crofts
93280,Seatrain
93280,Secrets
93280,Selau
93280,Selena Gomez & the Scene
93280,Self Jupiter
93280,Sense Field
93280,Serio
93280,Set Your Goals
93280,Shadow Project
93280,Shahrzad Sepanlou
93280,Shalamar
93280,Shana Halligan
93280,Shanti Wintergate
93280,Shark Island
93280,Shavahn Church
93280,Shavahn Church (retired
93280,Shavarsh (Shavo) Odadjian
93280,Shavo Odadjian
93280,Shitting Glitter
93280,Shotgun Messiah
93280,Sianvar
93280,Sic Alps
93280,Sid Roams
93280,Side Effect
93280,Siedah Garrett
93280,Signal Hill Transmission
93280,Silage
93280,Silent Civilian
93280,Silent Planet
93280,Silver
93280,Silver Jet
93280,Silversun Pickups
93280,Simon Says
93280,Sintanic
93280,Sir Jinx
93280,Sir Sly
93280,Sixx:A.M.
93280,Size 14
93280,Skee-Lo
93280,Skhye Hutch
93280,Skinny
93280,Skitzo (Metal
93280,Skycycle
93280,Skyla Talon
93280,Slash
93280,Slash featuring Myles Kennedy and The Conspirators
93280,Slash's Blues Ball
93280,Slash's Snakepit
93280,Slaughterhouse
93280,Slaves (US band
93280,Sleeping People
93280,Sleepy Sun
93280,Sleepytime Gorilla Museum
93280,Slim The Mobster
93280,Slim the Mobster
93280,Slow Gherkin
93280,Slow Hollows
93280,Sly and the Family Stone
93280,Smallpools
93280,Smile
93280,Smile Empty Soul
93280,Smith
93280,Smith & Pyle
93280,Smooth
93280,Smut Peddlers
93280,Snow Tha Product
93280,Snow tha Product
93280,So Long Davey!
93280,Society 1
93280,Soluna
93280,Solus Deus
93280,Somethin' for the People
93280,Something Corporate
93280,"Sondra ""Blinky"" Williams"
93280,Sonny Simmons
93280,Sons of Funk
93280,Sorcery
93280,Soul Junk
93280,Soul Sign
93280,Souls of We
93280,Sound Barrier
93280,Sound City Players
93280,South Central Cartel
93280,Sovereign Strength
93280,Spain
93280,Spastik Children
93280,Speak!
93280,Speculum Fight
93280,Spiders & Snakes
93280,Spindrift
93280,Spineshank
93280,Spinnerette
93280,Spiral Starecase
93280,Spitboy
93280,Spock's Beard
93280,St. John Green
93280,Stacy Francis
93280,Stanford Harmonics
93280,Stanford Talisman
93280,Starflyer 59
93280,Starpool
93280,Starr Parodi
93280,Starrah
93280,Starship
93280,Static Thought
93280,Static-X
93280,Stavesacre
93280,Steam Powered Giraffe
93280,Stefy
93280,Stephen Bradley
93280,Stephen Day
93280,Steve Miller Band
93280,Stick to Your Guns
93280,Stitched Up Heart
93280,Stix Zadinia
93280,Stolen Babies
93280,Straight Faced
93280,Strata
93280,Street Sweeper Social Club
93280,Strife
93280,Stripmall Architecture
93280,Strong Arm Steady
93280,Strunz & Farah
93280,Stuart Michael Thomas
93280,Styles of Beyond
93280,Suave
93280,SubArachnoid Space
93280,Sublime with Rome
93280,Substance Abuse
93280,Subtitle
93280,Suburban Lawns
93280,Suburban Legends
93280,Suga Free
93280,SugaRush Beat Company
93280,Sugar Pie DeSanto
93280,Sugarcult
93280,Sugartooth
93280,Suicidal Tendencies
93280,Suicide Silence
93280,Sukia
93280,Sun Kil Moon
93280,Sunday's Best
93280,Sunflower Dead
93280,Sunshine Blind
93280,Super Heroines
93280,SuperHeavy
93280,Supernova
93280,Surf Punks
93280,Susanna Hoffs
93280,Susannah Melvoin
93280,Swahili Blonde
93280,Sweet Valley
93280,Swingin' Utters
93280,Switchfoot
93280,SwizZz
93280,Sworn Vengeance
93280,Symbol Six
93280,System Syn
93280,Systematic
93280,T.H.C.
93280,TEMP3ST
93280,THEY.
93280,TOKiMONSTA
93280,Taebin
93280,Taka Sisters
93280,Tarantula Hawk
93280,Tarentel
93280,Tarnation
93280,Tazers
93280,Tea Leaf Green
93280,Team Unicorn
93280,Techno Squirrels
93280,TeeFLii
93280,TeeFlii
93280,Teebs
93280,Teedra Moses
93280,Ten Foot Pole
93280,Tenacious D
93280,Tera Melos
93280,Terri Nunn
93280,Terror
93280,Terrorizer
93280,Terrorizer LA
93280,Terry Jones
93280,Terry Scott Taylor
93280,Tex & the Horseheads
93280,That Dog
93280,Thavius Beck
93280,The 7A3
93280,The 88
93280,The Ace of Cups
93280,The Active Set
93280,The Adored
93280,The Aggrolites
93280,The Aislers Set
93280,The Album Leaf
93280,The All-Girl Boys Choir
93280,The Americanos
93280,The Association
93280,The Autumns
93280,The Ballads
93280,The Bangerz
93280,The Beat
93280,The Beat Farmers
93280,The Beat Freaks
93280,The Beau Brummels
93280,The Beautiful Mistake
93280,The Bicycle Thief
93280,The Big F
93280,The Bird and the Bee
93280,The Bittersweets
93280,The Black Eyed Peas
93280,The Blamed
93280,The Bots
93280,The Breeders
93280,The Brian Jonestown Massacre
93280,The Briggs
93280,The Brogues
93280,The Broken West
93280,The Brood
93280,The Brymers
93280,The Byrds
93280,The Call
93280,The Challengers
93280,The Chambers Brothers
93280,The Chapin Sisters
93280,The Charlatans
93280,The Chimpz
93280,The Chinkees
93280,The Choir
93280,The Christian Troubadours
93280,The Claremont Shades
93280,The Color Turning
93280,The Company Band
93280,The Confession
93280,The Coral Sea
93280,The Crash Kings
93280,The Creamers
93280,The Crosswalk
93280,The Crucified
93280,The Crusaders
93280,The Curtains
93280,The Cutthroats 9
93280,The Daisy Chain
93280,The David
93280,The Daylights
93280,The Deep Six
93280,The Desert Rose Band
93280,The Desert Sessions
93280,The Devil Makes Three
93280,The Dingees
93280,The Ditty Bops
93280,The Divine Madness
93280,The Dodos
93280,The Doobie Brothers
93280,The Doors
93280,The Dove Shack
93280,The Dread Crew of Oddwood
93280,The Ducks
93280,The Easy Riders
93280,The Electric Prunes
93280,The Ex-Idols
93280,The Exies
93280,The Extra Lens
93280,The Fab Four
93280,The Faceless
93280,The Faction
93280,The Fall Risk
93280,The Family Crest
93280,The Fibonaccis
93280,The Flesh Eaters
93280,The Flys
93280,The Forces of Evil
93280,The Four Postmen
93280,The Four Preps
93280,The Frequency
93280,The Fresh & Onlys
93280,The Fucking Champs
93280,The Ghastly Ones (band
93280,The Ghost Inside
93280,The Glitch Mob
93280,The Go-Go's
93280,The God Machine
93280,The Gone Jackals
93280,The Good Girls
93280,The Great Morgani
93280,The Great Society
93280,The Green and Yellow TV
93280,The Greyboy Allstars
93280,The Hairbrain Scheme
93280,The Halo Method
93280,The Hillmen
93280,The Hues Corporation
93280,The Human Abstract
93280,The Humane Society
93280,The Icarus Line
93280,The Internet
93280,The Iron Heart
93280,The Iron Maidens
93280,The Jealous Sound
93280,The Jimi Homeless Experience
93280,The Joykiller
93280,The K.G.B.
93280,The Kimberly Trip
93280,The Kings Royal
93280,The Knack
93280,The Last Dance
93280,The Leaves
93280,The Leaving Trains
93280,The Lighthouse Boys
93280,The Little Deaths
93280,The Little Girls
93280,The Little Ones
93280,The Lively Ones
93280,The Living Sisters
93280,The Locust
93280,The Lonely Wild
93280,The Long Goodbye
93280,The Long Lost
93280,The Long Ryders
93280,The Los Dos Bros
93280,The Love Exchange
93280,The Lovely Bad Things
93280,The Lovemakers
93280,The Lovers
93280,The M Machine
93280,The Mae Shi
93280,The Mamas & the Papas
93280,The Mannish Boys
93280,The Matches
93280,The Megas
93280,The Mermen
93280,The Merry-Go-Round
93280,The Mighty Echoes
93280,The Mighty Underdogs
93280,The Milk Carton Kids
93280,The Mojo Men
93280,The Monkees
93280,The Monolators
93280,The Monroes
93280,The Morlocks
93280,The Mossie
93280,The Mother Hips
93280,The Movement
93280,The Mummies
93280,The Music Machine
93280,The Neighbourhood
93280,The Nels Cline Singers
93280,The Never Ending
93280,The New Czars
93280,The New Order
93280,The Nig-Heist
93280,The Nikhil Korula Band
93280,The Nonce
93280,The O.C. Supertones
93280,The Offs
93280,The Old Souls
93280,The Operation M.D.
93280,The Opposite Six
93280,The Organization
93280,The Origin
93280,The Original Hinsons
93280,The Original Surfaris
93280,The Other Ones
93280,The Outpatience
93280,The Oxford Circle
93280,The Pandoras
93280,The Panic Channel
93280,The Paris Sisters
93280,The Peach Kings
93280,The Peanut Butter Conspiracy
93280,The Peppermint Trolley Company
93280,The Phantom Surfers
93280,The Pharcyde
93280,The Pied Pipers
93280,The Plastic Revolution
93280,The Platters
93280,The Playing Favorites
93280,The Pleasure Fair
93280,The Plugz
93280,The Polyamorous Affair
93280,The Poor
93280,The Prayer Chain
93280,The Procussions
93280,The Protist
93280,The Purple Gang
93280,The Pussycat Dolls
93280,The Quails
93280,The Real Nasty
93280,The Record Company
93280,The Red Hearts
93280,The Reigning Monarchs
93280,The Rej3ctz
93280,The Rembrandts
93280,The Revolution Smile
93280,The Ringers
93280,The Robins
93280,The Rock Heroes
93280,The Rosso Sisters
93280,The Rudiments
93280,The Rugburns
93280,The Runaways
93280,The Safaris
93280,The Sandpipers
93280,The Scarred
93280,The Score
93280,The Scottsville Squirrel Barkers
93280,The Scuzzies
93280,The Seeds
93280,The Shape Shifters
93280,The Shocker
93280,The Shreds
93280,The Silent Comedy
93280,The Siren Six!
93280,The Skatt Brothers
93280,The Skulls
93280,The Sleepers
93280,The Smeezingtons
93280,The SoCal VoCals
93280,The Sons of Champlin
93280,The Sound of Animals Fighting
93280,The Southland
93280,The Standells
93280,The Stanford Fleet Street Singers
93280,The Stanford Mendicants
93280,The Starfires
93280,The Stitches
93280,The Stone Foxes
93280,The Storm
93280,The Strangers
93280,The Submarines
93280,The Sugarplastic
93280,The Sugi Tap
93280,The Swirling Eddies
93280,The Sylvers
93280,The Thirsty Crows
93280,The Thompson Sisters
93280,The Tide
93280,The Tubes
93280,The Turtles
93280,The United States of America
93280,The Units
93280,The Unknown DJ
93280,The Velvet Teen
93280,The Violet Lights
93280,The Warlocks
93280,The Warriors
93280,The Watson Twins
93280,The Watts Prophets
93280,The West Coast Pop Art Experimental Band
93280,The Whispers
93280,The Whoreshoes
93280,The Yellow Balloon
93280,The Young Americans
93280,The Young Dudes
93280,TheSTART
93280,Thee Oh Sees
93280,Them Crooked Vultures
93280,Them Terribles
93280,Themselves
93280,Theresa Wayman
93280,Thes One
93280,Thin White Rope
93280,Thinking Fellers Union Local 282
93280,Third Eye Blind
93280,Thirsty Fish
93280,Thirty Seconds to Mars
93280,Thom Brennan
93280,Thomas Chung
93280,Thomas Newman
93280,Three Dog Night
93280,Three Mile Pilot
93280,Thrice
93280,Throwdown
93280,Thrown into Exile
93280,Tiffany Alvord
93280,Tim Anderson
93280,Tim Fain
93280,Tim Miller
93280,Time in Malta
93280,Times Two
93280,Timothy Lamb
93280,Timz
93280,Tin Hat
93280,Tinhorn
93280,Tiny Timbrell
93280,Toiling Midgets
93280,Tom Brock
93280,Tom Dumont
93280,Tom Hooker
93280,Tommy Coster
93280,Tommy Lee
93280,Tommy Tutone
93280,Tomorrow′s Child
93280,Tony Carey
93280,Tony Perry
93280,Tony! Toni! Toné!
93280,Total Chaos
93280,Totimoshi
93280,Toto
93280,Tourniquet
93280,Tower of Power
93280,Train
93280,Training for Utopia
93280,Trainwreck
93280,Trainwreck Riders
93280,Trak D
93280,Translator
93280,Trapt
93280,Trash Talk
93280,Trash80
93280,Trauma
93280,Travon Potts
93280,Tribe of Gypsies
93280,Tripdavon
93280,Tripsichord Music Box
93280,Trish Thuy Trang
93280,Trummerflora Collective
93280,Tsunami Bomb
93280,Turtle Island Quartet
93280,Tussle
93280,Tweaker
93280,Tweedy Bird Loc
93280,Twilight
93280,Twinz
93280,Two Gallants
93280,Tycho
93280,U.P.O.
93280,U.S. Crush
93280,UNA
93280,Ugly Duckling
93280,Ugly Kid Joe
93280,Unashamed
93280,Uncle Jamm's Army
93280,Uncle Slam
93280,Under the Influence of Giants
93280,Undercover
93280,Underminded
93280,Unextraordinary Gentlemen
93280,Unit
93280,Until June
93280,Upset
93280,Urban Punk
93280,Urban Rescue
93280,Urban Umpires
93280,Us the Duo
93280,Useless Keys
93280,VOM
93280,Vain
93280,Valdur
93280,Vampires Everywhere!
93280,Vanaprasta
93280,Vanessa Atler
93280,Vanessa Marie Atler
93280,Vastum
93280,Vector
93280,Velvet Revolver
93280,Vengeance Rising
93280,Venus and the Moon
93280,Venus and the Razorblades
93280,Veronica Freeman
93280,Veronica Freeman aka The V
93280,Versailles
93280,Versant
93280,Very Be Careful
93280,Vicious Rumors
93280,Vicki Vann
93280,Victor Fresco
93280,Victor Sanz
93280,Viking
93280,Vile
93280,Vince Staples
93280,Vincent Walker
93280,Vinnie Vincent Invasion
93280,Vintage Trouble
93280,Vinyl Williams
93280,Viva Death
93280,Viva Hate
93280,Viva Saturn
93280,Vocolot
93280,Voice Farm
93280,Volti
93280,Volume 10
93280,Volumes
93280,Von
93280,Vonda Shepard
93280,Voodoo Glow Skulls
93280,W.A.S.T.E.
93280,WAKRAT
93280,WC and the Maad Circle
93280,WVM
93280,Wait what
93280,Wall of Voodoo
93280,Wally Scharold
93280,Walter Meego
93280,Wand
93280,War
93280,War Tapes
93280,Warpaint
93280,Warren Wiebe
93280,Warrior
93280,Warryn Campbell
93280,Wataz
93280,Waters
93280,Watkins Family Hour
93280,Wavves
93280,Wax
93280,Waxy
93280,We Are Harlot
93280,We Are Heroes
93280,We Barbarians
93280,We Five
93280,We are the Riot
93280,Weakling
93280,Weatherbox
93280,Weekend
93280,Weezer
93280,Welt
93280,Wendy & Lisa
93280,Wendy Melvoin
93280,West Arkeen
93280,Western Addiction
93280,Westminster Chorus
93280,Westside Connection
93280,What Is This
93280,Whirr
93280,Whispertown
93280,White Arrows
93280,White Trash Debutantes
93280,Whitfield Crane
93280,Whitny Braun
93280,Wicked Wisdom
93280,Wild Man Fischer
93280,Wildchild
93280,"Wildling (previously Test Your Reflex, No Country, and a.k.a. Low Shoulder"
93280,Will Haven
93280,Will Schwartz
93280,William Eubank
93280,Wilson Phillips
93280,Windows
93280,Winston Tong
93280,Wintergreen
93280,Wired All Wrong
93280,Wirepony
93280,Wires on Fire
93280,Wives
93280,Woodie
93280,Wordview
93280,World Fire Brigade
93280,World Under Blood
93280,Worth Dying For
93280,Woven
93280,Wovenwar
93280,Wrangler Brutes
93280,Wrongchilde
93280,Wyatt Kaldenberg
93280,Würm
93280,X
93280,X-Sinner
93280,XYZ
93280,Xanthochroid
93280,Xasthur
93280,Xome
93280,Y&T
93280,Year Long Disaster
93280,Yeht Mae
93280,Yesterdays Rising
93280,Yomo & Maulkie
93280,Yoso
93280,Young  Soldierz
93280,Young Scrap
93280,Young the Giant
93280,Youngblood Hawke
93280,Your Enemies Friends
93280,Yovee
93280,Ysabella Brave
93280,Yuval Ron Ensemble
93280,Zachg
93280,Zak Waters
93280,Zaum
93280,Zero Hour
93280,Zheng Cao
93280,Zilch
93280,Zolar X
93280,Zo? Keating
93304,Big House
93304,Black Diamond Band
93304,Burning Image
93304,Calico Sunset
93304,Cradle of Thorns
93304,Jaymes Reunion
93304,Korn
93304,L.A.P.D.
93304,Noel Haggard
93304,Noel Lee Haggard
93304,Prussian Blue
93304,SexArt
93304,Smokin' Armadillos
93304,StillWell
93304,The Buckaroos
93304,The Colts
93436,Jeffrey Combs
93460,Zaca Creek
93518,The Plot to Blow Up the Eiffel Tower
93534,Dizmas
93550,Finest Hour
93550,Jamie Annette Dantzscher
93550,Jamie Dantzscher
93550,Niecy Nash
93550,Pac Div
93635,Moonshine Bandits
93637,Tony Romano
93702,Cali Agents
93702,Jim Chaffin
93702,Motograter
93702,Rusty Santos
93702,Steve White
93702,Supreme Love Gods
93901,Rick Chase
93901,Say No More
93901,Strawberry Girls
93901,The Kings Kids
93901,The Lonely Revolts
93930,Kevtone
93950,Amy Crawford
93950,Gina Prince-Bythewood
93950,Peter Koper
94014,Mochipet
94025,Isaac Baron
94025,Secondhand Serenade
94025,Taylor Eigsti
94036,Glass Wave
94036,Grateful Dead
94036,Henning Lohner
94036,Jack Shirley
94036,Jesse Lee
94036,The Donnas
94036,The Kingston Trio
94036,Thollem McDonas
94044,Ryland King
94062,Paul Jefferson
94062,Picture Me Broken
94062,Spazz
94086,The Orange Peels
94102,Alison Faith Levy
94102,Beverly Shaw
94102,Black Rebel Motorcycle Club
94102,Blame Sally
94102,Botanist
94102,Cactus Choir
94102,Callow
94102,Caroliner
94102,Christ on Parade
94102,Critical Mass
94102,DJ Disk
94102,DJ Earworm
94102,DJ Greyboy
94102,Dag f?r Dag
94102,Deli Creeps
94102,Ellen and the Escapades
94102,Elucidate
94102,Enchant
94102,Ensemble Mik Nawooj
94102,Facing New York
94102,Flying Other Brothers
94102,Frightwig
94102,Frumious Bandersnatch
94102,Furthur
94102,Grace Etsuko Lee
94102,Hammers of Misfortune
94102,Hot Tuna
94102,"Hungry, Hungry Ghost"
94102,Illenium
94102,J Church
94102,JT the Bigga Figga
94102,Jack Palladino
94102,Jeffrey Luck Lucas
94102,Jessica Pratt
94102,Jimmy Luxury
94102,Jocelyn Enriquez
94102,Karate High School (KHS
94102,Knights of the New Crusade
94102,Lamb
94102,Mars Arizona
94102,Matmos
94102,Max Vangeli
94102,Men Of Porn
94102,Michael Franti
94102,Michael Franti & Spearhead
94102,Montreux
94102,Mujeres Encinta
94102,Negative Trend
94102,Orchid
94102,Peaking Lights
94102,Portraits of Past
94102,Quasar
94102,Re:Ignition
94102,Sal Valentino
94102,Sandy Rothman
94102,Setting Sun
94102,Sherri Youngward
94102,Skinlab
94102,Spirits Burning
94102,Stephen Yerkey
94102,Sullivan Walker
94102,The Dave Brubeck Quartet
94102,The Disposable Heroes of Hiphoprisy
94102,The Finches
94102,The House Jacks
94102,The Pleased
94102,The Roots Of Orchis
94102,The Trashwomen
94102,The Weather Girls
94102,Thought Chamber
94102,Tomo Yasuda
94102,Tragic Mulatto
94102,Vernian Process
94102,Vetiver
94102,We Be The Echo
94102,What Happens Next?
94102,Wildlife Control
94102,Wire Train
94102,Wooden Shjips
94303,Sean T
94303,Totally Insane
94304,Chris Ayer
94402,Cal Tjader
94402,Kitty Margolis
94402,Merl Saunders
94402,"Michaela ""Mickey"" Shiloh"
94402,Michaela Shiloh
94402,Monica Bisordi
94402,Monica Marie Bisordi
94402,The Ragazzi Boys Chorus
94501,Everything Goes Cold
94501,Finish Ticket
94501,Jeff Oster
94509,Brent Mydland
94509,Johnny Burke
94509,Mitchell Belche
94509,Mitchell Belch?
94509,Sadus
94520,Autopsy
94520,Hand of Fire
94520,Negativland
94520,Stoneground
94520,The Federalists
94526,Ben Behrouzi
94530,Creedence Clearwater Revival
94530,The Blue Velvets
94530,The Golliwogs
94530,Winds Across the Bay
94533,The Federation
94536,Emcee Lynx
94536,Harbinger Complex
94536,Marcus Henderson
94536,Peter Wheat and the Breadmen
94541,Fateh
94541,Raginder
94541,Spice 1
94541,Violinder
94547,Vanelle
94549,Cam
94550,Tara Kemp
94550,Troubador
94552,Filth
94552,Friendzone
94552,Green Day
94552,Hiimwaterdragon
94552,Jamey Blaze
94552,The Influents
94552,The Wynona Riders
94552,Tilt
94553,Fingertight
94556,J.R. Rotem
94565,Brittany Brooks
94565,Mars
94565,Rydah J. Klyde
94565,The Jacka
94566,Evan Hoburg Patak
94566,Evan Patak
94566,Lacy Dagen
94566,Lacy Michele Dagen
94566,Tony Furtado
94572,Billie Joe Armstrong
94578,Ellona Santiago
94587,Angelina
94587,Chris Paxton
94590,B-Legit
94590,Baby Bash
94590,Celly Cel
94590,Chrome Cats
94590,Con Funk Shun
94590,D-Shot
94590,Da'unda'dogg
94590,Funk Mobb
94590,Jay Tee
94590,Lil Italy
94590,Mac Dre
94590,Mac Mall
94590,N2Deep
94590,Nef the Pharaoh
94590,PSD
94590,PSD tha Drivah
94590,Suga-T
94590,The Click
94590,Turf Talk
94590,Turf-Talk
94596,Attitude Adjustment
94596,Cathy Podewell
94596,Howard Andrew
94596,Marco Johnson
94596,Mark Eitzel
94596,Mister Loveless
94596,The Story So Far
94596,This Time Next Year
94608,Classics of Love
94610,Patricia Bragg
94619,Shady Blaze
94619,Tajai
94619,The Conscious Daughters
94704,Aaron Cometbus
94704,Bennett Friedman
94704,Bennett Friedman (age 67
94704,Black Lab
94704,Blackburn & Snow
94704,Blake Schwarzenbach
94704,Blatz
94704,Bruce Appleyard
94704,Claytoven Richardson
94704,Controller 7
94704,Counting Crows
94704,Country Joe and the Fish
94704,Crimpshrine
94704,Crucifix
94704,Dealership
94704,Don Buchla
94704,Donald Appleyard
94704,Downfall
94704,Eddie Money
94704,Eric Peterson
94704,Fang
94704,Gennessee Lewis
94704,Go Sailor
94704,Isocracy
94704,Jude Gold
94704,Kaura
94704,Kevin Cadogan
94704,Kossisko
94704,Lyrics Born
94704,MC Lars
94704,Mayne Mannish
94704,Michael Marshall
94704,Miguel Almaguer
94704,Necropolis of Love
94704,Operation Ivy
94704,POP ETC
94704,Rancid
94704,Rebecca Riots
94704,Richard Lainhart
94704,SCREW 32
94704,Samantha Stollenwerck
94704,Samiam
94704,Stephen Gaboury
94704,Stikky
94704,Teddy Abrams
94704,Testament
94704,The Cataracs
94704,The Criminals
94704,The Frisk
94704,The Klezmorim
94704,The Memorials
94704,The Motels
94704,The Mr. T Experience
94704,The Pack
94704,The Rubinoos
94704,The Uptones
94704,Tiger Army
94704,Timex Social Club
94704,Walter Herbert
94704,Why?
94704,Yoni Wolf
94710,Tim Armstrong
94801,Armani Depaul
94801,Exodus
94801,"Levi Seacer, Jr."
94801,Lil Ric
94801,TRU
94801,The Savage Resurrection
94803,Primus
94803,Sausage
94925,Lon McEachern
94941,Butch Engle & the Styx
94941,Clover
94950,Huey Lewis
94954,After the Chase
94954,Love Equals Death
94954,The Action Design
95005,My Stupid Brother
95008,Lars Frederiksen
95008,The Forgotten
95014,Peninsula Banjo Band
95023,Babel Fishh
95023,Leaders
95032,Dan Koch
95032,Dredg
95032,Mark Bingham
95035,Charizma
95035,Emma Malabuyo
95070,Animal Liberation Orchestra
95204,Ace Andres
95204,Gary Young
95204,Hallway Productionz
95204,Pavement
95204,Stephen Malkmus
95204,The Crust Brothers
95241,A Skylit Drive
95336,Justin Roiland
95350,Chandra Levy
95350,Joseph Meyer
95350,Shane Minor
95361,Brett Dennen
95361,Built Like Alaska
95376,Megan Slankard
95382,Newsted
95391,Thia Megia
95404,Chad Channing
95404,Diesel Boy
95404,Kanaye Nagasawa
95404,Lana Lane
95404,Nagasawa Kanaye
95404,Polar Bears
95404,Robert Ripley
95404,Santiago
95404,The Castells
95404,Thomas Lake Harris
95404,Victims Family
95436,Ben McKee
95448,Heidi Newfield
95448,Ron Elliott
95453,The Graveyard Five
95460,Cat Mother and the All Night Newsboys
95473,J.Lately
95473,The Jenkins
95482,AFI
95482,Adam Carson
95482,Davey Havok
95482,McKenna Faith
95490,Tré Cool
95492,LS-Dom
95501,Blackhouse
95501,Michael Moore
95501,Mindy Gledhill
95501,Mr. Bungle
95608,Nate Henry
95608,Spencer Stone
95614,Josiah James
95616,Butterscotch
95616,DJ Shadow
95616,David Daleiden
95616,Game Theory
95616,Jason Torbert
95616,Russ Tolman
95616,Sholi
95616,The Spokes
95616,True West
95620,Jon Pardi
95660,Jimmy Z
95660,Jimmy Zavala
95667,Annie Le
95667,Heritage Singers
95682,Elysia
95687,Papa Roach
95695,Bobbie Cryner
95695,Rufus King
95817,An Angle
95817,Anton Barbeau
95817,Blackalicious
95817,Brotha Lynch Hun
95817,Brotha Lynch Hung
95817,Bryan & Katie Torwalt
95817,CAKE
95817,Carl Brandt
95817,Cause & Effect
95817,Chuuwee
95817,Cimorelli
95817,Conducting from the Grave
95817,Consider The Thief
95817,DJ Flash
95817,DRS
95817,Death Grips
95817,Deathray
95817,Derek Johnson
95817,Desario
95817,Dog Party
95817,Embrace the End
95817,EndeverafteR
95817,Far
95817,Fight the Sky
95817,Giant Squid
95817,Hippie Sabotage
95817,Hoods
95817,Jae Synth
95817,James House
95817,Khalil
95817,Kurt Travis
95817,Little Charlie & the Nightcats
95817,Luni Coleone
95817,Lux Interior
95817,MC Ride
95817,Marvaless
95817,Melinda Watts
95817,Michael Lardie
95817,Middle Class Rut
95817,Nathan Owens
95817,Out Hud
95817,Phallucy
95817,Phil Putnam
95817,Richard Rodriguez
95817,Rocketship
95817,Scott Burnett
95817,Secret Band
95817,Self Against City
95817,Sevin
95817,Sevin (rapper
95817,Sewer Trout
95817,Shorty Mack
95817,Sister Crayon
95817,Stars Are Falling
95817,Suzanne Gardner
95817,Suzi Gardner
95817,Tales of Terror
95817,Team Sleep
95817,Tesla
95817,The 77s
95817,The Fugitives
95817,The Honey Trees
95817,The I.L.Y's
95817,The Secretions
95817,Tim Ware
95817,Victoria Monet
95817,Victoria Monét
95817,Vince Lateano
95817,Warp 11
95817,With Passion
95828,Mary Tsukamoto
95926,Brighten
95926,Hail the Sun
95926,Jason Ross
95926,Justin Marler
95926,Squirrel vs Bear
95926,The Make
95945,Hunter Burgan
95945,Stephen A. McNallen
95945,Stephen McNallen
95948,Assjack
95959,Golden Shoulders
95959,Mariee Sioux
95966,The Marcy Brothers
95966,Travis Shook
95991,Charlie Peacock
95991,JJ White
96002,Hunter G. K. Thompson
96002,Hunter G.K. Thompson
96002,Kristene DiMarco
96002,Steffany Gretzinger
97501,Justin Baldoni
97501,Seven Places
97520,Forrest Kline
97520,Githa Hampson
97520,Tessa Violet
97520,Tessa Violet Williams
97535,Neighb'rhood Childr'n
97538,Kristy Lee Cook
907232,Paul Coy Allen
907232,The Plimsouls
90291,Dale Henderson
90291,Fistful of Mercy
90291,Lukas Nelson
90291,Terraplane Sun
92009,Lauren Fendrick
92009,Summer Noel Ross
92009,Summer Ross
92027,Caitlin Glass
92027,Tom Anderson
93030,Alexa Micek
93030,Dr. Know
93030,Dudley Perkins
93030,Madlib
93030,Nails
93030,Oh No
93030,Steve Zaragoza
93030,The Way
93401,Kevin Lynch
93401,Lisa Hilton
93401,MAKJ
93401,Night Riots
93401,Sherwood
93401,Still Time
93401,Wolfgang Gartner
93657,Bruce Conte
94085,Infidel Inc.
94612,A-Plus
94612,Alexandra Starlight
94612,America's Most Wanted
94612,American Steel
94612,Anita Pointer
94612,Art n' Soul
94612,Asunder
94612,Audrye Sessions
94612,Beats Antique
94612,Big Mama Thornton
94612,Blaqk Audio
94612,Bonnie Pointer
94612,Boots Riley
94612,Brainoil
94612,Camera Shy
94612,Casual
94612,Cindy Herron
94612,Cosmic Slop Shop
94612,Crown City Rockers
94612,Daryl Coley
94612,Dawn Robinson
94612,Day Wave
94612,Desa
94612,Dre Allen
94612,Dru Down
94612,Drunk Horse
94612,Dystopia
94612,E-A-Ski
94612,EA-Ski
94612,Econochrist
94612,En Vogue
94612,Eve Marie Shahoian
94612,Faun Fables
94612,Fever Charm
94612,Fleshies
94612,Flipsyde
94612,Francis and the Lights
94612,Fuck
94612,G.G.F.H.
94612,Ghoul
94612,Hawnay Troof
94612,Hell's Kitchen
94612,High on Fire
94612,Impaled
94612,J. Stalin
94612,Jel
94612,John Kaizan Neptune
94612,Jonn Hart
94612,June Pointer
94612,Keak da Sneak
94612,Kidd Upstairs
94612,Kreayshawn
94612,Locksmith
94612,Luckyiam
94612,Lydia Pense and Cold Blood
94612,Machine Head
94612,Matt Bettinelli-Olpin
94612,Matt Chang
94612,Maxine Jones
94612,Maya Ford
94612,Michele Rosewoman
94612,Minipop
94612,MoeTar
94612,Mount Vicious
94612,Mystic
94612,Negative pH
94612,Nils Frykdahl
94612,Numskull
94612,Oakland Symphony Orchestra Association
94612,Opio
94612,Oppressed Logic
94612,Passage
94612,Pep Love
94612,Persephone’s Bees
94612,Phesto
94612,Rahn Coleman
94612,Raphael Saadiq
94612,Raw Fusion
94612,Red Voice Choir
94612,Replicator
94612,Retching Red
94612,Richie Rich
94612,Rogue Wave
94612,Ron Meagher
94612,Rosie Gaines
94612,Ruth Pointer
94612,SWMRS
94612,Saafir
94612,Saviours
94612,Scott Kelly
94612,Seagram
94612,Shannon and the Clams
94612,Souls of Mischief
94612,Steady Mobb'n
94612,Street to Nowhere
94612,Subtle
94612,Sunspot Jonz
94612,Telephone Jim Jesus
94612,Tempest
94612,Terry Ellis
94612,The A'z
94612,The Bye Bye Blackbirds
94612,The Coup
94612,The Cuts
94612,The Dangerous Crew
94612,The Delinquents
94612,The Gris Gris
94612,The Natural Four
94612,The PeeChees
94612,The Phantom Limbs
94612,The Phenomenauts
94612,The Pointer Sisters
94612,The Regime
94612,The Soft Moon
94612,The Team
94612,The WhoRidas
94612,Tommy Angelo
94612,Tony Cadena
94612,Tony Reflex
94612,Too Short
94612,Tribes of Neurot
94612,Verbal Abuse
94612,Vermillion Lies
94612,Wallpaper.
94612,Yukmouth
94612,Zion I
95051,Fred Sablan
95110,Al Cisneros
95110,Amy Cook
95110,Antwon
95110,Chris Hakius
95110,DJ King Assassin
95110,Deb Obarski
95110,Duster
95110,Exhumed
95110,Fresh Caesar
95110,Heavy Heavy Low Low
95110,J Peezy
95110,Jasmine Villegass
95110,Kung Fu Vampire
95110,Larry Norman
95110,Las Hermanas Montoya
95110,Mary T. Ficalora
95110,Nikki Sixx
95110,No Use for a Name
95110,Operator Generator
95110,Pause
95110,Peanut Butter Wolf
95110,People!
95110,Russ Brown
95110,San Jose Youth Symphony
95110,Sanjoy
95110,Shinobu
95110,Skankin' Pickle
95110,Sleep
95110,Smash Mouth
95110,Steve Harwell
95110,Stickup Kid
95110,Teddy and His Patches
95110,The Chocolate Watchband
95110,The Drunk Injuns
95110,Traxamillion
95110,Vicky Nguyen
95110,Warlord
95110,Xiu Xiu
95518,Dieselhed
95518,Jerry Joseph
95518,The Hi-Fives
95518,The Ne'er Do Wells
