celebrity,zipcode
"""Captain Jack""",97633
aka Victoria Mazze,95971
關麗珍,94550
A. E. Doyle,1982
A. J. Allmendinger,95032
A. J. Jiménez,95110-2007
A. J. Johnson,93436
A. P. Younger,95817
A. Wallace Tashima,93454
A.P. Younger,95817
AJ Alexander,95051-1880
Aaron Brown,95817
Aaron Eckhart,95014
Aaron Garcia,95817
Aaron Gordon,95110-2007
Aaron Hill,95051-1880
Aaron Judge,95236
Aaron Ledesma,94587
Aaron Miles,94565
Aaron Poreda,94596
Aaron Rodgers,95928
Aaron Sanders,93465-0960
Aaron Williams,95110-2007
Aaron Wolf,93401-8114
Abe Espinosa,93940
Abel Maldonado,93454
Abel Ruben Espinosa,93940
Abelard George Espinsosa,93940
Adam Bernero,95032
Adam C. Gray,95340
Adam Gray,95340
Adam Hyzdu,95110-2007
Adam Jahn,95618
Adam Jennings,95746
Adam Johnson,95110-2007
Adam Kennedy,95624
Adam Killian,93940
Adam Melhuse,95051-1880
Adam Scott,1982
Adam Steltzner,94566
Adin Brown,94520
Adolfo Gregorio,95382
Adolfo Sousa Gregorio,95382
Adrian Bustamante,94536
Adrian Francisco,95110-2007
Adrian Oliver,95350
Adrian Ross,95051-1880
Adrian Zamora,95076
Adriel Hampton,95350
Adrienne Barbeau,95817
Adyashanti,95014
Aimée Crocker,95817
Akeem Bostick,95624
Akhil Akhineni,95110-2007
Akhil Akkineni,95110-2007
Akiem Hicks,95624
Al Autry,95350
Al Borges,93901
Al Cisneros,95110-2007
Al Espinosa,93940
Al Gross,95204
Al Jackson,93922
Al Pearce,95110-2007
Alan B. Ford,94535
Alan Chang,95110-2007
Alan Ford,94535
Alan Muraoka,93436
Albert Burns,95361
Albert Tsai,95110-2007
Alberto Tirado,95817
Alejandro Patino,93454
Alejandro Pérez,93901
Alela Diane,95959
Alex Blandino,95110-2007
Alex Brightman,95051-1880
Alex Darrow,95051-1880
Alex Dickerson,93940
Alex Fielding,95051-1880
Alex Heartman,95817
Alex Honnold,95817
Alex Kampouris,95817
Alex Kosinski,95762
Alex Lagemann,95010
Alex Pardee,94509
Alex Sanchez,94520
Alex Shumway,95817
Alex Spanos,95204
Alex Van Dyke,95817
Alex Vincent,95817
Alexander Cardinale,93940
Alexander Rossi,95603
Alexandra Crandell,95817
Alexandra Kosinski,95762
Alexandra Tyler,95817
Alexandra Uteev Johnson,95817
Alfred Hsing,95110-2007
Alfred T. Palmer,95110-2007
Alice Estes Davis,95320
Alice Fong Yu,95986
Alice Greczyn,94596
Alice Marble,0
Alice Wu,95110-2007
Alicia Hollowell,94533
Alicia Kay Hollowell,94533
Alicia Rickter,95110-2007
Alina Garciamendez,95032
Alina Lisi Garciamendez-Rowold,95032
Alison Cox,95382
Alison Eastwood,93922
Alison Murray,93922
Alison Murray (scientist,93922
Alison Tetrick,93463
Allan Cavan,94520
Allan Lockheed,94536
Allen Bradford,95051-1880
Alli Abrew,94566
Allie Crandell,95817
Allison Brennan,95624
Allison Scagliotti,93940
Allyn Ferguson,95110-2007
Alofa thePolynesian Prince,95110-2007
Alpana Singh,93940
Altie Taylor,94565
Aly Wagner,95110-2007
Alycia Moulton,95817
Alyn Beals,95901
Alyson Huber,94536
Alyson Kay Wagner,95110-2007
Alyssa Anderson,95051-1880
Alyssa Arcè,93901
Alyssa Jean Anderson,95051-1880
Amadeo Giannini,95110-2007
Amalia Mesa-Bains,95051-1880
Amanda Detmer,94517
Amanda Fuller,95817
Amazon Eve,95382
Amber Littlejohn,93940
Amelia Jenae Leles,95817
Amin Nikfar,95110-2007
Amy Chow,95110-2007
Amy Franceschini,95363
Ana Cheri,95817
Anacleto Rapping,95110-2007
Andras Jones,1982
Andre Schmid,95817
Andre Spencer,95204
Andrea Nott,95110-2007
Andrea Parker,0
Andreas Schreiber,1982
Andrew A. Benson,95350
Andrew Aplin,95624
Andrew Benson,95350
Andrew Carpenter,94533
Andrew Champion,94552
Andrew Dornenburg,94520
Andrew Heringer,95817
Andrew Knapp,95817
Andrew Martinez,95051-1880
Andrew Moore,94561
Andrew Morales,95624
Andrew Susac,95678
Andrew Wiedeman,94583
André LaMothe,94085-3010
Andrés Pico,93940
Andury Acevedo,95037
Andy Fox,95817
Andy Levitre,95032
Andy Piercy,95110-2007
Andy Santana,95110-2007
Andy Taylor Weir,0
Andy Weir,0
Aneury Tavárez,95817
Angela Little,95336
Angelina,94587
Angelo Caloiaro,95070
Angelo Joseph Rossi,95689
Angie Wester-Krieg,95032
Angus Oblong,95817
Anjelah Johnson,95110-2007
Ann Veneman,95350
Anna Clark,95051-1880
Anna Louizos,95901
Annabel Jarman,95110-2007
Annie Le,95110-2007
"Anthony ""Ngọc Trí"" Phan",95110-2007
Anthony Cannella,95043
Anthony Chavez,95382
Anthony Denham,93940
Anthony García,95624
Anthony Kennedy,95817
Anthony Miller,95110-2007
Anthony Phan,95110-2007
Anthony Pudewell,95624
Anthony Swofford,94533
Anthony Telford,95110-2007
Anthony Toney,93901
Anthony Woods,94533
"Antonio Dominguez, Jr.",95204
Anulka Dziubinska,95376
Apollo Crews,95817
April Stewart,96161
Ariel Gade,95110-2007
Ariel Hsing,94536
Ariel Yenhua Hsing,94536
Arik Armstead,95817
Aristides Aquino,95110-2007
Arleigh Williams,95928
Armond Armstead,95817
Arron Matthew Oberholser,93401-8114
Arron Oberholser,93401-8114
Arthur Cronquist,95110-2007
Arthur John Cronquist,95110-2007
Arthur L. Jarrett,95901
Arthur M. Free,95110-2007
Arthur Riggs,95350
Artie Ortego,95110-2007
Asa Jackson,95817
Asante Cleveland,95817
Ashleigh Aston Moore,94086
Ashley Doris,93901
Ashley Everett,95928
Ashley Paris,95110-2007
Ashley Walker,95204
Aspen Ladd,95630
Atlee Hammaker,93922
Atticus Shaffer,95051-1880
Audrey Aleen Allen,93901
Aurora Snow,93454
Austin Hooper,94583
Austin L. Wahrhaftig,95817
Austin MacGinnis,95817
Austin Ross,95110-2007
Austin Wentworth,95817
Auston Matthews,94583
Ava Knight,95928
Ava Vincent,95667
Avantika Vandanapu,94587
Avery Bradley,95301
Avery Patterson,94565
Avneet Shergill,95204
Avneet Singh Shergill,95204
B. Clark Burchfiel,95204
Babe Hollingbery,95023
Bailey De Young,95817
Barbara Cubin,93901
Barbara Oakley,95241
Barbara Salt,95965
Barclay Kamb,95110-2007
Barrett Barnes,95817
Barry Brown,95110-2007
Barry Enright,95204
Bayard Forrest,95110-2007
Bayley,94560
Becky Dyroen-Lancer,95110-2007
Becky Holliday,95817
Belle Cooledge,95654
Ben Beville,95932
Ben Bodé,94550
Ben Guintini,93635
Ben Nighthorse Campbell,95603
Benjamin Jealous,93950
Benji Joya,95110-2007
Benson Fong,95817
Bentley Kyle Evans,94566
Bernard M. Oliver,95073
Bernard Riley,95110-2007
Bernie Hughes,96097
Bert Bonanno,94565
Bessilyn Johnson,94596
Beth Gaines,95817
Beth Lisick,95070
Betsy Butler,95817
Beulah Quo,95204
Beverly Garland,1982
Bianca Elissa Sierra Garcia,94550
Bianca Henninger,95032
Bianca Moreno Henninger,95032
Bianca Sierra,94550
Big Bomb Jones,95110-2007
Big Ron Studd,95110-2007
Bijan Rademacher,95037
Bill Berryhill,95358
Bill Cartwright,95241
Bill Heath,95991
Bill Howerton,93436
Bill James,0
Bill Jones,93210
Bill Kennemer,95817
Bill McNulty,95817
Bill Mooneyham,94550
Bill Munson,95817
Bill Owens,95110-2007
Bill Roper,94520
Bill Smith,95817
Bill Staley,94596
Bill Stricker,95336
Bill Sublette,94596
Bill Wight,94571
Billy Hulen,95620
Billy Thompson,95014
Blaine H. Johnson,93454
Blaine Johnson,93454
Blaine Scully,95817
Blair Hull,95032
Blaise Godbe,93920
Blaise Godbe Lipman,93920
Blake Anderson,95624
Blake L. Sartini,95204
Blake McFarland,95110-2007
Blake Renaud,94520
Bo Eason,95680
Boaz Myhill,95350
Bob Adams,95204
Bob Beers,94550
Bob Berry,95110-2007
Bob Burns,93436
Bob Burton,94566
Bob Chow,95204
Bob Emerick,95204
Bob Engel,93422
Bob Forsch,95817
Bob Garibaldi,95204
Bob Jones,94517
Bob Joyce,95204
Bob Kiesel,95817
Bob McHale,95817
Bob Meusel,95110-2007
Bob Montana,95204
Bob Myers,94526
Bob Ogle,95624
Bob Pifferini,95110-2007
"Bob Pifferini, Sr.",95361
Bob Rasmussen,95817
Bob Reece,95817
Bob Scott,95076
Bob Segarini,95204
Bob Stoddard,95110-2007
Bob Thomason,95110-2007
Bob Thompson,95110-2007
Bob Toledo,95110-2007
Bob Williams,95695
Bobbi Starr,95051-1880
Bobby Clampett,93940
Bobby Dawson,95817
Bobby Hill,95110-2007
Bobby Jenks,93436
Bobby Keefe,95630
Bobby Southworth,1982
Bobby Zirkin,0
Bonnie Large,95376
Bonnie McKee,95687
Boog Powell,94561
Brad Bell,95817
Brad Bergesen,94520
Brad Brink,95678
Brad Hall,94596
Brad Johnson,95901
Brad Kilby,95350
Brad Lesley,95382
Brad Lewis,95817
Brad Lidge,95817
Brad Rowe,95350
Brad Scott Stisser,94550
Brad Stisser,94550
Brad Wellman,95241
Bradin Hagens,95350
Brady Dragmire,95817
Brandi Brandt,95051-1880
Brandi Chastain,95110-2007
Brandi Denise Chastain,95110-2007
Brandi Glanville,93901
Brandi Hitt,95241
Brandin Cooks,95204
Brandon Carswell,95035
Brandon Cavitt,95204
Brandon Coupe,95678
Brandon Dixon,95110-2007
Brandon League,95817
Brandon Woodruff,95110-2007
Brandyn Thompson,95624
Brenda Bakke,97601
Brenda Song,95608
Brendan McCurry,95624
Brendan Ryan Barrett,95678
Brent Anderson,95110-2007
Brent Jones,95051-1880
Bret Hemphill,95051-1880
Bret Ingalls,95110-2007
Brett Dalton,95110-2007
Brett Dennen,95361
Brett Jankouskas,95817
Brett Nottingham,94596
Brett Ratliff,95928
Brett Robert Jankouskas,95817
Breyvic Valera,95624
Brian Barden,93465-0960
Brian Cage,95928
Brian Cage-Taylor,95928
Brian Dailey,94565
Brian Fuentes,95340
Brian Garrow,95051-1880
Brian Givens,93436
Brian Goodell,95204
Brian Graham,94565
Brian Hatfield Henninger,95817
Brian Henninger,95817
Brian Johnson,95608
Brian Jones,95928
Brian Katz,95817
Brian Krzanich,95051-1880
Brian Leppke,1982
Brian Lewis,95817
Brian MacPhie,95110-2007
Brian Peets,95204
Brian Posehn,95817
Brian Reader,95066
Brian Stuart Goodell,95204
Brian Wheat,95817
Brian Yale,93922
Brianna Lea Pruett,95817
Brianne Moncrief,95110-2007
Brie Larson,95817
Brita Sigourney,93940
Brittany Binger,93901
Brittany Brousseau,95817
Brittany Cameron,94588
Brittny Ward,95817
Brock Stassi,95817
Broderick Perkins,94565
Brodie Farber,95945
Brooke Haven,95370
Brotha Lynch Hun,95817
Brotha Lynch Hung,95817
Bruce A. McPherson,1982
Bruce Bowen,95340
Bruce Coslet,95361
Bruce Dwight Collins,95110-2007
Bruce McPherson,1982
Bruce Venture,94583
Bruce Wilhelm,94086
Bruce Yonemoto,95110-2007
"Bryan ""Brain"" Mantia",95014
Bryan Clauson,95608
Bryan Davis,93940
Bryan Mantia,95014
Bryan Shaw,94550
Bryce Davison,94596
Bryce Denton,95624
Bryiana Noelle,93901
Bryon McClintock,97601
Bryson DeChambeau,95350
Bryson James Aldrich DeChambeau,95350
Buck Snider,0
Bud Ogden,93401-8114
Bud Stewart,95817
Buddy Handleson,94526
Buddy McDonald,93210
Burt Alvord,0
Burt K. Snyder,97630
Burt Snyder,97630
Burt Wilson,95204
Burton Downing,95110-2007
Busbee,94596
Butch Walts,95350
Butterscotch,95817
Bvdub,94550
Byington Ford,0
Byron De La Beckwith,95932
Byron Marshall,95110-2007
Byron Wesley,93940
C-Bo,95817
C-Murder,0
C. J. Wallace,95817
C. R. Johnson,96161
Cage,95928
Cain Velasquez,93901
Cal Niday,95382
Cale Simmons,95677
Calum Best,95110-2007
Cameron Beaubier,95678
Cameron Colvin,94565
Cameron Iwasa,95817
Cameron Marshall,95110-2007
Cameron Munter,94517
Cameron Perkins,95817
Cameron Toshiro Iwasa,95817
Cameron Worrell,0
Camille Guaty,95051-1880
Campamocha,1982
Carina Axelsson,1982
Carl Barks,97633
Carl Brandt,95817
Carl Holling,95620
Carl Kammerer,95204
Carla Jimenez,0
Carlos Tocci,95817
Carlos Torres,1982
Carlos Vierra,95039
Carly Lauren,93901
Carmen Berg,95051-1880
Carmen Dragon,94509
Carmine Gallo,95110-2007
Carney Lansford,95110-2007
Carol Corrigan,95204
Carol Doda,94535
Carol Neblett,95350
Caroline Lalive,96161
Carrie Barton,95051-1880
Carrie Elizabeth Barton,95051-1880
Carrie Lucas,93922
Carrie Snow,95340
Carrie Vaughn,95655
Cary Stayner,95340
Casey Candaele,93436
Casey Deidrick,95051-1880
Casey McGehee,1982
Casey Meisner,95340
Casey Weathers,95624
Cass McCombs,94520
Cassius Marsh,93436
Catfish Metkovich,95222
Catharine Cox Miles,95110-2007
Catherine Naglestad,95110-2007
Cathleen Galgiani,95204
Cathy Ferguson,95204
Cathy Jane Ferguson,95204
Cavan Biggio,95110-2007
Cay Forrester,95204
Cecelia Ager,95945
Chad Bartlomé,95817
Chad Knight,95817
Chad La Tourette,94550
Chad Overhauser,95817
Chad Wallach,95110-2007
Champ Stuart,94560
Channing Dungey,95817
Channing Pollock,95817
Charizma,95110-2007
Charlene Pryer,95076
Charles B. Henderson,95110-2007
Charles Benjamin Mawhinney,97630
Charles Boxton,0
Charles Edward Faxon,95204
Charles Gubser,95020
Charles H. Prisk,95945
Charles Henderson,95110-2007
Charles Mann,95817
Charles Martinet,95110-2007
Charles O. Porter,97601
Charles Ogletree,95340
Charles R. Schwab,95817
Charles Scott Haley,94566
Charles Stevenson,95817
Charles Thomas,94533
Charles Voight,95110-2007
Charley Koontz,94520
Charlie Enwright,95817
Charlie Graham,95051-1880
Charlie Zink,95608
Charlotte Stewart,95991
Charmion,95817
Chase Baker,95677
Chase Tapley,95817
Chaunté Lowe,93465-0960
Chef John Pisto,93940
Chelcie Ross,95817
Chelsea Chenault,94596
Chelsea Johnson,93422
Chelsea Wolfe,95678
Chelsie Aryn,95817
Cheri Elliott,95610
Cheryl Kubert,94513
Chi Cheng,95204
Chicago Cubs minor league players,95037
Chicano Flame #3,95350
Chidi Ahanotu,95350
Chidobe Awuzie,95110-2007
Chino Moreno,95817
Chip Hale,95110-2007
Chris Barton,95817
Chris Bosio,95608
Chris Burkard,93401-8114
Chris Cain,95110-2007
Chris Cariaso,95110-2007
Chris Carter,94536
Chris Cash,95204
Chris Clark,1982
Chris Cope,0
Chris Dalman,93901
Chris DeFaria,94566
Chris Feigenbaum,93940
Chris Flexen,94560
Chris Gimenez,95020
Chris Isaak,95204
Chris Johanson,95110-2007
Chris Kelly,95817
Chris Kerr,95603
Chris McDonald,95817
Chris Newsome,95110-2007
Chris Oldham,95817
Chris Olivero,95204
Chris Petersen,95991
Chris Pritchett,95340
Chris Rene,1982
Chris Rix,0
Chris Rodd,94526
Chris Seitz,93401-8114
Chris Sharma,1982
Chris Stevens,95945
Chris Wondolowski,94526
Christian Duguay,95110-2007
Christian Luanzon,95110-2007
Christian Traeumer,95110-2007
Christian Tupou,95817
Christian Villanueva,95037
Christina Fusano,95817
Christina Olague,95340
Christina Seufert,95817
Christina Von Eerie,95817
Christine Maddox,95376
Christopher Chandler,95991
Christopher DeFaria,94566
Christopher Elliott Wondolowski,94526
Christopher Henry Trevor Rodd,94526
Christopher Lucas Feigenbaum,93940
Christopher Ray Chandler,95991
Christopher Seitz,93401-8114
Christopher Stevens,95945
Christopher Sullivan,95110-2007
Christy Turlington,94596
Chuck Billy,94566
Chuck Ehin,95901
Chuck Estrada,93401-8114
Chuck Mawhinney,97630
Cindy Davis,95301
Cintra Wilson,0
Claire Cayot O'Rourke,95981
Clarence Crase Thomas,95945
Clarence Erwin McClung,94517
Clarence Glacken,95817
Clark Ashton Smith,95603
Clark Glasson,95110-2007
Claude Terry,95368
Claudia Clevenger,95110-2007
Claudia Jean Clevenger,95110-2007
Clay Dalrymple,95928
Cliff Barrows,95358
Cliff Hamlow,95382
Cliffie Stone,95204
Clifford Starks,95817
Clinton Hollon,95110-2007
Clinton LaVor Romesha,96115
Clinton Romesha,96115
Clyde Follet Seavey,95817
Clyde Mashore,94520
Cobina Wright,97630
Cody Anderson,95971
Cody Hawkins,95695
Cody Martin,93620
Col. John C. Young,95110-2007
Cole Sturgeon,95817
Colin Hanks,95817
Collin Altamirano,95817
Condrew Allen,95817
Conn Findlay,95204
Conn Francis Findlay,95204
Conner Greene,95110-2007
Connor Hallisey,95746
Conrad Ricamora,93454
Controller 7,95110-2007
Copeland Bryan,95110-2007
Corbin McPherson,95630
Cordell Crockett,94566
Corey Black,95037
Corey Duffel,95817
Cori Close,95035
Corinne Cole AKA Lari Laine,94513
Cornelius Randolph,95817
Cory Barlog,95817
Cory Higgins,94526
Cory Williams,95340
Cougar Annie,95817
Country Dick Montana,93922
Courtney Paris,95110-2007
Craig Bragg,95110-2007
Craig Brandt,95971
Craig Chaquico,95817
Craig Huft,94550
Craig Minetto,95204
Craig Penrose,95695
Craig Whelihan,95110-2007
Cristian Soratos,93901
Cuno Barragan,95817
Curt Bisquera,93454
Curt Casali,94596
Curtis Brown,95817
Curtis Partch,95340
Curtis W. Tarr,95204
"Cy C. Young, Jr.",95350
Cy Young,95350
Cyndi Munson,93940
Cynthia Dall,95817
Cynthia Gwyn Brown,95110-2007
Cynthia Robinson,95817
Cynthia Wood,95376
César Plasencia,95817
César Plasencia Rodriguez,95817
D'Arcy Carden,94526
D'Aundre Reed,95817
D. C. Williams,0
D. J. Countess,95817
D. J. Davis,95110-2007
D. J. Williams,95817
DJ Shadow,95110-2007
Dallas Jaye,94526
Dallas Jeffrey Jaye,94526
Dallas Sartz,95746
Dalton James,95817
Damen Wheeler,95817
Damon Hollins,94533
Dan Boitano,95817
Dan Bunz,95678
Dan Elkan,95959
Dan Gladden,95110-2007
Dan Hawkins,96028
Dan Inosanto,95204
Dan Loney,93422
Dan McQuaid,95624
Dan Pastorini,95370
Dan Reichert,93940
Dan Vickrey,94596
Dana Tai Soon Burgess,93922
Danelle Folta,95110-2007
Danetra Moore,95204
Daniel Barone,95110-2007
Daniel Cuevas,95817
Daniel Cuevas Granados,95817
Daniel Goleman,95204
Daniel Gossett,95340
Daniel Johnston,95817
Daniel Ortiz,95817
Daniel Palka,95110-2007
Daniel Puder,95014
Daniel Tillman,95110-2007
Daniel Truhitte,95817
Danielle Gamba,94520
Danielle Reyes,94533
Danielle Robinson,95110-2007
Danielle Slaton,95110-2007
Dann Bilardello,1982
Danny Chandler,95817
Danny Jansen,95110-2007
Danny Mars,95817
Dante Basco,94565
Dario Pizzano,94561
Darlene Vogel,95350
Darnell Hillman,95817
Daron Rahlves,94596
Darrell Ceciliani,95376
Darrell Larson,95376
Darren Benjamin Shepherd,95110-2007
Darren Korb,95110-2007
Darrin Nelson,95817
Daryl Patterson,93210
Daulton Jefferies,95340
Daury Torrez,95037
Dave Ball,94533
Dave Beck,95204
Dave Berg,95678
Dave Brubeck,94520
Dave Fairbank,95817
Dave Fergerson,95340
Dave Hajek,95678
Dave Henderson,95340
Dave Hodges,95110-2007
Dave Hudgens,95965
Dave Lee,95350
Dave McDermott,1982
Dave Meros,93901
Dave Oliver,95204
Dave Revering,95678
Dave Righetti,95110-2007
Dave Sax,95817
Dave Sells,95687
Dave Tipton,95023
Dave Tollefson,94596
David Alan Bailey,95817
David Allan Sutherland,95678
David Allen Hulse,95817
David Brown,94596
David Campbell,95066
David Carkeet,95370
David Chiotti,95110-2007
David Cooke,95817
David Cooper,95204
David Daleiden,95051-1880
David Diaz-Infante,95110-2007
David Dodds,95817
David Douglas,94509
David Ellison,95051-1880
David Fales,93901
David Feiss,95817
David Freitas,95037
David G. Armstrong,93454
David G. McAfee,95678
David Haskell,95204
David Hernandez,95817
David Hodo,95249
David Immerglück,94566
David Klech,94596
David Kramer,95014
David Loverne,95110-2007
David Marius Guardino,95110-2007
David Mayhew,93422
David Odell,95340
David Oliver,94520
David S. Chang,95817
David Sutherland,95678
David Terrell,95817
David Toussaint,94596
David V. Brewer,95350
David William Fairbank,95817
David Zuckerman,94526
Davina Rose,94560
DeAnna Bennett,94536
Dean Goss,95051-1880
Dean Spanos,95204
Deanna Brooks,95336
Debbie Graham,94596
Debbie Lee Carrington,95110-2007
Deborah Falconer,95817
Deborah Henson-Conant,95204
Delanie Wiedrich,94596
Delvin Christopher Countess,95817
Demario Warren,94533
Demetrius Williams,94520
Denise Dy,95110-2007
Dennis Alexio,95687
Dennis Cardoza,95340
Dennis Dun,95204
Dennis Etchison,95204
Denver S. Church,95630
Derek Ernst,95695
Derek Kennard,95204
Derek Miles,95817
Derek Sanderson,95110-2007
Derek Ware,95817
Derrek Lee,95817
Desmond Lindsay,94560
Dev,95376
Devante Bond,95817
Devon Wylie,95817
Devontae Booker,95817
Diana Dierks,95817
Diana Garcia,93702
Diana Hartog,95370
Diana Serra Cary,95340
Dick Barone,95110-2007
Dick Bassi,93401-8114
Dick Jurgens,95817
Dick Ruthven,95817
Dick Sargent,93922
Dick Witcher,93901
Diego Corrales,95817
Diego Silvas,95051-1880
Dion Basco,94565
Diondre Borel,95110-2007
Dolores Moran,95204
Dominic Sandoval,95678
Dominik Jakubek,95051-1880
Dominique Jane,95817
Don Bracken,93210
Don Clark,95110-2007
Don Correia,95110-2007
Don Edwards,95110-2007
Don Gile,95350
Don Hertzfeldt,94536
Don Manoukian,95340
Don Pedro Colley,97601
Don Verlin,95678
Don Young,95957
Donald Blessing,95023
Donald Butler,95817
Donald D. Chamberlin,95110-2007
Donald J. Butz,95959
Donald S. Runels,93454
Donald Steven Runels,93454
Donna D'Errico,95110-2007
Donna Theodore,94566
Donny McCaslin,95051-1880
Donovan Morgan,95350
Donovan Osborne,95678
Donovan Scott,95928
Donté Stallworth,95817
Dorien Wilson,93436
Dot Jones,95382
Doug Bernier,93454
Doug Burke,95350
Doug Chandler,93901
Doug Davis,95817
Doug Fister,95340
Doug Goldsby,95817
Doug Henry,95817
Doug LaMalfa,95965
Doug Martin,94533
Doug Mayberry,95912
Doug Mikolas,95336
Doug Oliver,95110-2007
Doug Ose,95817
Doug Richert,95110-2007
Doug Rogers,95928
Doug Whitsett,93940
Douglas B. Moylan,95204
Douglas Lambert Burke,95350
Douglas M. Stone,95667
Douglas Moylan,95204
Dovydas Neverauskas,95817
Drake U'u,95817
Drew Arellano,95110-2007
Drew Carpenter,94533
Drew Gordon,95110-2007
Drew Jackson,94561
Drian Francisco,95110-2007
Duane Glinton,94550
Duane Solomon,93436
"Duane Underwood, Jr.",95037
Dudley Manlove,94566
Dudley R. Herschbach,95110-2007
Duke Droese,95241
Dustin Diamond,95110-2007
Dustin Lance Black,95817
Dustin Pedroia,95695
Dusty Ryan,95340
Dwayne Murphy,0
Dwight Lowery,1982
"Dwight Smith, Jr.",95110-2007
Dylan Carlson,95624
Dylan Casey,94596
Dylan Cozens,95817
Dylan Floro,95340
E. J. Barthel,1982
E. J. Rowland,93901
E. W. Kemble,95817
Ean Elliot Clevenger,95817
Earl Anthony Wayne,95817
Earl McNeely,95817
Earl S. Pomeroy,95010
Earl Wayne,95817
Earle Williams,95817
Ed Barge,95051-1880
Ed Dailey,95350
Ed Fisher,95204
Ed Fitz Gerald,93460
Ed Giovanola,95032
Ed Samcoff,95817
Ed Simmons,95231
Ed Solomon,95070
Ed Townsend,95051-1880
Eddie Brown,95817
Eddie Elder,95817
Eddie Gamboa,95340
Eddie Guardado,95204
Eddie Lake,94509
Eddie Macon,95204
Eddie Vanderdoes,95603
Eddy Howard,95695
Eddy Julio Martinez,95037
Edgar Dearing,95358
Edgar Kennedy,0
Edmund Lowe,95110-2007
Edmund McMillen,1982
Edmundo Sosa,95624
Edward D. Goldberg,95817
Edward Schulmerich,0
Edwards Davis,95051-1880
Edwin E. Roberts,95993
Edwin L. Z'berg,95817
Edwin Philip Pister,95204
Edy Ganem,95350
El Hefe,95817
Eldon P. Regua,95110-2007
Eldon Regua,95110-2007
Elena Verdugo,93447
Eleni Tsakopoulos Kounalakis,95817
Elicia Fayre Marshall,95110-2007
Elicia Marshall,95110-2007
Elisabeth Shue,95110-2007
Elissa Knight,1982
Eliza Swenson,95971
Elizabeth Ann Roberts,94513
Ellen Brown,94566
Ellen Wilson,93901
Ellen Wilson (judoka,93901
Elliot Vallejo,93940
Ellis E. Patterson,95991
Elmer Pence,95252
Elmer Wilhoite,0
Elodie Keene,93447
Eloy Jiménez,95037
Emily A. Carter,95032
Emily Azevedo,95928
Emily Best,93660
Emma Nevada,95986
Enrique Montano,93901
Eric Bell,95350
Eric Crocker,95204
Eric D. Goodman,95110-2007
Eric Farris,95817
Eric Frampton,95110-2007
Eric Fry,0
Eric Krenz,95204
Eric Kretz,95110-2007
Eric Lawson,94520
Eric Marienthal,95817
Eric Michael Cole,95817
Eric Miles Williamson,95817
Eric Pinkins,95817
Eric Rasmussen,95817
Eric Sheffer Stevens,95817
Eric Thames,95051-1880
Eric Williams,95204
Eric Zentner,95694
Erik Bakich,95110-2007
Erik Coleman,95817
Erik Davis,95110-2007
Erika Bricker,95695
Erika Eloise Bricker,95695
Erika Flores,95945
Erin Cafaro,95350
Erin Dobratz,94520
Erin Dobratz McGregor,94520
Erin Jane Cafaro,95350
Ernest E. Wood,95928
Ernest Gallo,95642
Ernest S. Brown,96101
Ernest de Saisset,95110-2007
Ernie Barber,95336
Ernie Camacho,93901
Ernie Irvan,93901
Ernie Reyes,95110-2007
Ernie Reyes Jr.,95110-2007
Erv Kantlehner,95110-2007
Erwin Mueller,94550
Erwin Righter,95008
Estanislao,93940
Ethan Zachery Scott,93401-8114
Ethel Hill,95817
Eugena Washington,95817
Eugene A. Chappie,95817
Eugene Carl Lenz,93401-8114
Eugene Gardner,1982
Eunice Sato,95334
Eva Marie,94596
Evan Dietrich-Smith,93901
Evan Hlavacek,95110-2007
Evan Hoburg Patak,93454
Evan Huffman,95624
Evan Low,95110-2007
Evan MacLane,95928
Evan Marshall,94086
Evan O'Dorney,94526
Evan Patak,93454
Evan Pilgrim,94565
Evan Reed,93401-8114
"Everett Alvarez, Jr.",93901
Evil,95110-2007
F Bob Chow,95204
F. James Rutherford,95204
Faiza Saeed,94596
Farley Granger,95110-2007
Fatu,95110-2007
Faye Resnick,94513
Felicia Atkins,94513
Fenuki Tupou,95817
Fernando Arroyo,95817
Fernando Cortez,95204
Fernando Romero,95110-2007
Fernando Viña,95817
Fizzy Qwick,94535
Forrest Hibbits,93436
Forrest Snow,94561
Fran Jeffries,95110-2007
Frances Munds,95757
Frances Willard Munds,95757
Francis Martes,95624
Francis P. Filice,95020
Francisco Gomez,95076
Francisco Ríos,95110-2007
Francisco Sanchez,95110-2007
Frank Arellanes,1982
Frank Bacon,95991
Frank Beede,94509
Frank C. Damrell Jr.,95350
Frank C. High,95616
Frank Cady,96130
Frank Chance,95368
Frank Charles High,95616
Frank Day,95916
Frank Demaree,95694
Frank Ernaga,96130
Frank H. Buck,95687
Frank H. Ogawa,95241
Frank Hannon,95817
Frank Jelincich,95110-2007
Frank LaCorte,95110-2007
Frank Minini,93447
"Frank Murphy, Jr.",1982
Frank Post,95076
Frank Robert Chow,95204
Frank Silva,95817
Frank Somerville,93401-8114
Frank W. Benson,95110-2007
Franklin Mieuli,95110-2007
Franklin Post,95076
Franklyn Kilome,95817
Fred Agabashian,95350
Fred Besana,95678
Fred Carroll,95817
Fred Clark,95648
Fred J. Dodge,0
Fred Keeley,95817
Fred Merkel,95204
Fred Sablan,95014
Fred Vaughn,93210
Freddie Muller,94560
Frederick A. Speik,95204
Frederick Feary,95204
Frederick W. Penney,95817
Frenchy Bordagaray,93210
Fua Logo Tavui,95051-1880
Fuji Cakes,95608
Gabe Eastman,95350
Gabe Nelson,95817
Gabriel Bateman,95382
Gallinero II,1982
Garbage Man,95241
Gareth Penn,93922
Garrett Don Couto,94583
Gary Allen,95301
Gary Anderson,94533
Gary E. Knell,95817
Gary H. Stern,93401-8114
Gary Knecht,95241
Gary Knell,95817
Gary Nolan,96113
Gary Plummer,94536
Gary Radnich,95110-2007
Gary Smith,95204
Gay Jacobsen D'Asaro,95350
Gaylord K. Swim,93922
Gemma Lee Farrell,93901
Gene Lenz,93401-8114
Genevieve Cortese,94526
Genevieve Padalecki,94526
Geno Petralli,95817
Geoff Swaim,95928
Geoffrey Madrigali,94596
Georg Brandl Egloff,93940
George Anthony Stanich,95817
George Borchers,95817
George Culver,93901
George Dohrmann,95204
George E. Goodfellow,0
George Edward Kimball,95945
George Edward Kimball III,95945
George Herms,95695
George Hernandez,95667
George Lucas,95350
George Manley,95817
George Mattos,1982
George Packer,95051-1880
George Perry,93436
George Quellich,96102
George Robotham,95817
George S. Nixon,95658
George Schroth,95817
George Stanich,95817
George Taylor Morris,93930
George Tsamis,95008
George Visger,95204
George W. Gregory,95631
George W. Joseph,0
Gerald Madkins,95340
Gerald Washington,95110-2007
Gerald Willhite,95817
Geri Glass,95376
German Fernandez,95367
Gern Nagler,95901
Gil Castillo,94520
Gilbert Lara,95110-2007
Giovanni Carmazzi,95817
Giuliana Marino,93901
Giulio Bernardi,95110-2007
Glen MacWilliams,95070
Glen Plake,94550
Glenallen Hill,1982
Glyn Oliver Myhill,95350
Gordon Dillard,93901
Gordon Goldsberry,95817
Grace Kim,95051-1880
Grace Krilanovich,1982
Grant Dunlap,95204
Grant George,95076
Grant R. George,95076
Grant-Lee Phillips,95204
Greg Aghazarian,95204
Greg Berg,95817
Greg Bishop,95204
Greg Garrett,93422
Greg Gohr,95051-1880
Greg Jones,96145
Greg Kumparak,95110-2007
Greg Legg,95110-2007
Greg Peavey,95110-2007
Greg Sestero,94596
Greg Sutton,1982
Greg Vaughn,95817
Greg Wilson,94526
Gregg Thompson,95110-2007
Gregory Porter,95817
Greta Gerwig,95817
Grey DeLisle,93908
Guillermo Jaime Jorrín,95817
Guillermo Jara,95817
Guy Branum,95901
Gwen Hajek,95051-1880
H. Richard Crane,95382
HT Tran,95110-2007
Hal Chase,95032
Hal Finney,93210
Hal Gibney,95695
Hal Lindes,93940
Hal Rhyne,93447
Haley Anderson,95051-1880
Haley Cope,95928
Haley Danita Anderson,95051-1880
Hank Cheyne,93454
Hank Steinbacher,95817
Hans Ansgar Ostrom,96125
Hans Ostrom,96125
Hardin Barry,96130
Hardin Bigelow,95817
Harold Davis,93901
Harold Ramírez,95110-2007
Harold Tower,95241
Harrell Fletcher,93454
Harriet Chalmers Adams,95204
Harry Baals,95350
Harry Hooper,95020
Harry L. Rattenberry,95817
Harry Lane Englebright,95959
Harry Lew,95051-1880
Harry Lochhead,95204
Harry W. Baals,95350
Harry Wolter,93940
Harve Presnell,95350
Hasan Minhaj,0
Headshrinker Fatu,95110-2007
Heath Gregory Pearce,95350
Heath Pearce,95350
Heather Kozar,95336
Heather Lauren Olson,95110-2007
Heather M. Pease-Olson,93940
Heather Pease,93940
Heather Rene Smith,93901
Heidi Cruz,93401-8114
Heidi Mark,95110-2007
Helen Ainsworth,95110-2007
Helen J. Frye,97601
Helen Wills,94536
Henry Cejudo,95110-2007
Henry George,95817
Henry George Jr.,95817
Henry Hathaway,95817
Henry J. Mello,95076
Henry John Mello,95076
Henry L. Benson,95204
Henry O'Brien,95110-2007
Henry Ramos,95817
Herb Caen,95817
Herbert A. Calcaterra,95320
Herbert Evans,95350
Herbert McLean Evans,95350
Herbert Mullin,93901
Herman O'Berry,95817
Hideo Noda,95051-1880
Hien Manh Tran,95110-2007
Hiimwaterdragon,94509
Hiram Johnson,95817
Hiroshi Kashiwagi,95817
Hobbs Johnson,95110-2007
Holly Butler,95358
Holly Fields,95817
Holly Joan Hart,95336
Holly Witt,95110-2007
Honey Piazza,94533
Hot Rod,95817
Howard H. Leach,93901
Howard Pease,95204
Huck Seed,95051-1880
Hugh Campbell,95070
Hunter Burgan,95945
Hunter Moore,95817
Héctor Benjamín Joya Jiménez,95110-2007
Ian O'Leary,95695
Ida Ljungqvist,95051-1880
Ina Angelika Wester-Krieg,95032
India Allen,95051-1880
Inga Muscio,93454
Ira Black,95817
Irene Dalis,95110-2007
Isaac Austin,95948
Isaac Fontaine,95817
Isaiah Burse,95350
Isaiah Frey,95678
Isaiah Ross,95624
Isaiah Saxon,95003
Isaias Bardales Jr.,95110-2007
Isan Díaz,95110-2007
Isaác Brizuela,95110-2007
Isaác Brizuela Muñoz,95110-2007
Ismael Guillon,95110-2007
Ivie Anderson,95020
J. C. Sherritt,96161
J. D. Davis,95624
J. J. Totah,0
J. P. Howell,95350
J. R. Celski,93940
J. R. Graham,94550
J.J. Ambrose,95051-1880
J.J. Totah,0
J.R Smooth,95110-2007
J.R. Celski,93940
J.R. Graham,94550
JJ Heller,95110-2007
Jack Angel,95350
Jack Ellena,96130
Jack Lescoulie,95817
Jack Lloyd Yerman,95965
Jack McArthur,95220
Jack Santora,93940
Jack Yerman,95965
Jacki Gemelos,95204
Jackie Geist,95687
Jackie Greene,93901
Jackie Johnson,95110-2007
Jackie Kong,95340
Jackson Gregory,93901
Jackson Kyle Stewart,95032
Jackson Stewart,95032
Jackson Vroman,94758
Jacob Dahlstrand,95817
Jacob Dale Feener,95677
Jacob Duran,95333
Jacob Gatewood,95110-2007
Jacob LeBlanc,95603
Jacob Nottingham,95110-2007
Jacob Wilson,95624
Jacqueline Gadsden,93436
Jacquelyn Kate Johnson,95110-2007
Jacqui Thurlow-Lippisch,94533
Jadin Wong,95204
Jaime Garza,1982
Jake Browning,95630
Jake Cosart,95817
Jake Cuenca,95110-2007
Jake Feener,95677
Jake McGee,95110-2007
Jake McLaughlin,95969
Jake Stinnett,95037
Jake Woodford,95624
Jalen Saunders,95624
James Algar,95350
James Broughton,95350
James Brown,95051-1880
James Campen,95817
James Corson,95350
James Curry,93610
James DePaiva,94550
James Dexter,93908
James Durbin,1982
James Gallagher,95991
James Giffen,95204
James Glenn,93940
James H. McClintock,95817
James Hodgins,95110-2007
James House,95817
James Howard,95817
James Ishida,95204
James Jones,95110-2007
James Leighman Williams,95817
James Lew,95320
James Lofton,93908
James Marsters,09594
James Mitchell,95817
James Moberg,95350
James Nunnally,95110-2007
James O. Barrows,95228
James Owens,95817
James P. Delgado,95110-2007
James Page,94565
James Paul Gee,95110-2007
James Phelan,95817
James Sample,95817
James Snyder,95051-1880
James V. Selna,95110-2007
James Wesley Rawles,94550
"James Wesley, Rawles",94550
James Whipple,94587
James Williams,95817
James Williamson,95012
Jamey Blaze,94509
Jamie Callahan,95817
Jamie Pineda,96028
Jamil Roberts,94536
Jamill Kelly,95301
Jan Eliot,95110-2007
Jane Ellen Swagerty,95361
Jane Swagerty,95361
Janet Leigh,95340
Jangy Addy,95817
Janis Martin,95817
Jantzen Witte,95817
Jared Hamman,93422
Jarrett Bush,95687
Jaslyn Ome,93901
Jasmine Villegass,95110-2007
Jason Adam,95110-2007
Jason Annicchero,94566
Jason Atkinson,95817
Jason Barnes,95110-2007
Jason Botts,93447
Jason Chaffetz,95032
Jason Fisk,0
Jason Hart,94596
Jason Jiménez,95350
Jason Lytle,95350
Jason Manuel Olazabal,93454
Jason McDonald,95350
Jason Rhoades,95658
Jason Sehorn,95817
Jason Verduzco,94596
Jason Verrett,94533
Jason Welch,94596
Jason Wheeler,95110-2007
Jay Hughes,95817
Jayde Nicole,93901
Jayson Obazuaye,95051-1880
Jazz Raycole,95204
Jean Bruce Scott,93940
Jean Quan,94550
Jeannie Mai,95110-2007
Jeff Adachi,95817
Jeff Andrus,93930
Jeff Baicher,94086
Jeff Ball,95340
Jeff Ballard,1982
Jeff Bettendorf,93436
Jeff Blauser,95032
Jeff Garcia,95020
Jeff Irwin,95817
Jeff Kopp,94526
Jeff Madrigali,94596
Jeff Maehl,95969
Jeff Marquez,95687
Jeff Myers,94536
Jeff Pico,94509
Jeff Richards,94596
Jeff Toews,95110-2007
Jeff Ulbrich,95110-2007
Jeff Walters,94560
Jeff Watson,95817
Jeffery Paul Chan,95204
Jeffrey Beecroft,95817
Jeffrey Foskett,95051-1880
Jeffrey Meek,94533
Jeffrey Pico,94509
Jeimer Candelario,95037
Jenae Leles,95817
Jenaveve Jolie,93401-8114
Jennie Lee,95817
Jennifer Chew,94596
Jennifer Claire Joines-Tamas,95051-1880
Jennifer Joines,95051-1880
Jennifer Savidge,94566
Jennifer Tate,95241
Jennifer and Natalie Jo Campbell,95051-1880
Jenny O'Hara,95370
Jenny Shimizu,95110-2007
Jeremiah Pharms,95817
Jeremy Buendia,95678
Jeremy Giambi,95110-2007
Jeremy Newberry,94509
Jeremy Renner,95350
Jeremy Ross,95817
Jeremy Sisto,95945
Jeremy Sumpter,93922
Jeriome Robertson,95110-2007
Jerome R. Waldie,94509
Jerry Coleman,95110-2007
Jerry Freeman,95667
Jerry Fry,93901
Jerry Horton,95620
Jerry Hsu,95110-2007
Jerry Lee Norman,95076
Jerry Nielsen,95817
Jerry Norman,95076
Jerry Royster,95817
Jerry Smith,94550
Jesmuel Valentín,95817
Jesse Crawford,95695
Jesse Delgado,93901
Jesse Metcalfe,0
Jesse Mims,94566
Jesse Williams,95350
Jessica Bowman,94596
Jessica Chastain,95817
Jessica Cutler,93940
Jessica Gysin,1982
Jessica McKellar,94536
Jesús Andrés Padilla Cisneros,95110-2007
Jesús Padilla,95110-2007
Jezebel,95608
Jherek Bischoff,95817
Jhonen Vasquez,95110-2007
Jillian Camarena-Williams,95695
Jim Amaral,94566
Jim Bartko,95204
Jim Beall,95110-2007
Jim Breech,95817
Jim Brewer,95340
Jim Cadile,95110-2007
Jim Campbell,93454
Jim Compton,97601
Jim Danielson,95928
Jim Denevan,1982
Jim Eakins,95817
Jim Filice,95110-2007
Jim Hibbs,97601
Jim Ishida,95204
Jim Lonborg,93454
Jim McMillin,94520
Jim Nealon,95817
Jim Plunkett,95110-2007
Jim Pugh,95128
Jim Quick,95817
Jim Rippey,95971
Jim Rooker,97630
Jim Vitti,95110-2007
Jim Westlake,95817
Jim Willoughby,93901
Jim Winn,95204
Jim Wood,95382
Jimi Manuwa,95817
Jimmie R. Yee,95817
Jimmy Cordero,95817
Jimmy Glenn,93940
Jimmy Maxwell,95204
Jimmy Murakami,95110-2007
Jimmy Nelson,97601
Jimmy O'Connell,95817
Jimmy T,93908
Jimmy Taenaka,93908
Jimmy Z,95660
Jimmy Zavala,95660
Jimy Williams,93454
Jio Mier,95110-2007
Jo Clayton,95350
Jo McDonnell,95204
Jo Stafford,93210
Joan Didion,95817
Joan Lunden,95628
Joan S. Valentine,95603
Joan Selverstone Valentine,95603
Joan Staley,94513
Joanna Newsom,95959
Joanne McCallie,93940
Joanne P. McCallie,93940
Jocelyn Towne,95959
Jody Lansford,95051-1880
Joe Ansolabehere,95817
Joe Bottom,95051-1880
Joe Carducci,95340
Joe Carnahan,95817
Joe Dillon,95350
Joe Gedeon,95817
Joe Giannini,95699
Joe Gilman,95817
Joe Hayashi,93901
Joe Inglett,95817
Joe J. Hayashi,93901
Joe Lonsdale,94536
Joe Marty,95817
Joe Millette,94596
Joe Mixon,94561
Joe Murray,95110-2007
Joe Nedney,95110-2007
Joe Prunty,94086
Joe Rohde,95817
Joe Rose,95901
Joe Rudi,95350
"Joe Serna, Jr.",95204
Joe Strong,94533
Joe Tafoya,94565
Joe Thurston,94533
Joel Courtney,93940
Joel Fabiani,95076
Joel Kribel,94566
Joey Bradford,93940
Joey Bragg,94587
Joey Hand,95817
Johannes van Overbeek,95817
John A. Calhoun,94566
John A. Elston,95695
John Archibald Calhoun,94566
John Arthur Gellatly,95945
John Augustus Raffetto,95667
"John Augustus Raffetto, Sr.",95667
John B. Simpson,94566
John Barclay Simpson,94566
John Boardman,95382
John Bowker,95817
John Boyett,95695
John Brinck,95694
John C. Young,95110-2007
John Cage,95928
John Cardiel,95110-2007
John Coughran,94565
John Daly,95608
John Didion,95695
John Doyle,95110-2007
John Dukakis,95110-2007
John Edward Ferris,95817
John Elitch,95110-2007
John Ellis,95110-2007
John Emmons,95110-2007
John Ensign,95678
John F. Goodman,95817
John Ferris,95817
John Flannery,93901
John Flinn,95340
John Garza,0
John Gianelli,95204
John Gill,95014
John Glines,93454
John Greig,95817
John Grey,95110-2007
John Hudson,95020
John Hurd,95817
John Jones,95630
John Jones II,95630
John Joseph Doyle,95110-2007
John Joseph Montgomery,95991
John Lloyd Young,95817
John McCambridge,97601
John McCrea,95817
John McFee,1982
John McNamara,95817
John Muldoon,95640
John Norton,95051-1880
John Oldham,93901
John Orton,1982
John Ousterhout,94535
John Patrick Daly,95608
John Peverell Marley,95110-2007
John Pisto,93940
John Rade,95358
John Richy,95817
John Rudometkin,93454
John Rushing,95340
John Scalzi,94533
John Seedborg,93447
John Sipin,95076
John Smith,95817
John Soares,95382
John Stanich,95817
John Steinbeck,93901
John T. Dunlop,95667
John Thomas Dunlop,95667
John Thomas Howell,95340
John Vasconcellos,95110-2007
John Vincent Garza,0
John Vukovich,95817
John Wilson,95358
John-Edward Kelly,94533
Johnny Burke,94509
Johnny Colla,95817
Jon Berti,95110-2007
Jon Durket,95762
Jon Hinck,95817
Jon Huber,95817
Jon Kemmer,95624
Jon Monday,95110-2007
Jonathan Evison,95110-2007
Jonathan Karsh,95817
Jonathan Quinn,95382
Jonathan Sprague,95817
Jonna Mendes,1982
Jordan Beck,95041
Jordan Brower,93436
Jordan Brown,94596
Jordan Mabin,94566
Jordan Pries,95037
Jordan Richards,95630
Jordan Rodgers,95928
Jose M. Hernandez,95231
Jose Moreno Brooks,95110-2007
Jose Ramírez,93204
Joseph Ashton,95965
Joseph Ashton Valencia,95965
Joseph Bradford,93940
Joseph Collins,93955
Joseph D. Kernan,94535
Joseph Edward Gallo,94509
Joseph Fontenrose,95654
Joseph Raphael,95642
Joseph Stuart Bottom,95051-1880
Josh Appelt,95991
Josh Butler,95603
Josh Holloway,95110-2007
Josh Parry,95370
Josh Randall,93950
Josh Ryan,95817
Josh Taves,95076
Josh Thomson,95110-2007
Josiah James,95603
Josiah Royce,95945
José Antonio Celaya,93901
José Antonio Estudillo,93940
José Carlos Ramírez,93204
José Castro,93940
José Celaya,93901
José M. Hernández,95231
José María Alviso,95051-1880
José Ramírez,93204
José Vinicio,95817
Joy Williams,1982
Joyce Nizzari,94513
Juan Bautista Alvarado,93940
Juan Carlos Leveriza Cuenca,95110-2007
Juan Duran,95110-2007
Juan Gonzales,95204
Juan González,95624
Juan José Carrillo,93940
Juana Briones de Miranda,1982
Judith McNaught,93401-8114
Judith Spaeth McNaught Smith,93401-8114
Judy Lee Tomerlin,94513
Juli Inkster,1982
Juli Simpson Inkster,1982
Julia Schultz,95336
Julian Iantzi,95695
Julie Elias,95051-1880
Julie Kagawa,95817
Julie Nichols,94596
Julie Peterson,95051-1880
Julie Pinson,94536
Julie Strain,94520
Julie Woodson,95376
Juliette Fretté,95051-1880
Julius Thomas,95204
Junior Fatu,95110-2007
Junior Fernández,95624
Justin Baesman,94565
Justin Bannan,95817
Justin Graham,95382
Justin Haley,95817
Justin Holiday,93436
Justin Houston,95928
Justin Maese,95110-2007
Justin Medlock,94536
Justin Reiter,96161
Justin Roiland,95204
Justin Rosenstein,94566
Justin Speier,94596
Justin Wright,95817
Kacey Jones,95020
Kaheke,95687
Kai Wen Tan,94536
Kaj Larsen,1982
Kameryn Louise Craig,93401-8114
Kami Craig,93401-8114
Kamikaze,95110-2007
Kane Hodder,95603
Kara Kohler,94596
Kara Walker,95204
Karen Chen,94536
Karen Hansen,95928
Karen Moncrieff,95817
Karen Vogtmann,94565
Karin Argoud,0
Karin Kallmaker,95817
Karina Marie,93901
Karl Richter,95603
Karle Warren,93901
Karlee Bispo,95350
Karlee Delane Bispo,95350
Karlyn Pipes,93436
Kate Levering,95817
Kate Walsh,95110-2007
Katelyn Rowland,95687
Katerina Moutsatsou,93940
Katherine Justice,95817
Kathie Browne,93401-8114
Kathleen Lloyd,95051-1880
Kathryn Hammond,95817
Kathryn Ish,95110-2007
Kathryn Magno,95110-2007
Kathryn Victory Magno,95110-2007
Kathy Hammond,95817
Kathy Uyen,95110-2007
Katie Burkhart,93401-8114
Katie Leigh,93922
Katie Warren,93901
Kay Ryan,95110-2007
Kayden Kross,95817
Kayla Collins,95051-1880
Kayla Rae Reid,95817
Kaylia Cassandra,95817
Kayslee Collins,95817
Kayte Christensen,97630
Ke'Bryan Hayes,95817
Keilani Ricketts,95110-2007
Keith Allan,95817
Keith Birlem,95110-2007
Keith Couch,95817
Keith Millard,94566
Keith Poole,95110-2007
Keith Swagerty,95110-2007
Keith Wright,95051-1880
Kelley Jakle,95608
Kelley Jones,95817
Kelli Scarr,93940
Kelly Carrington,95051-1880
Kelly Dullanty,95110-2007
Kelvin Gastelum,95110-2007
Ken Casanega,94566
Ken Dowell,95817
Ken Forsch,95817
Ken Hottman,95204
Ken Rose,95817
Ken Sears,95076
Ken Simonton,94565
Ken Taylor,95110-2007
Kendall Gray,95340
Kendra Morris,95241
Kendra Zanotto,95032
Kenn Davis,93901
Kennedy Summers,93901
Kenneth Henry May,95817
Kenneth McVay,95110-2007
Kenneth Walton,95817
Kenny May,95817
Kenny Mitchell,95204
Kenny Roberts,95350
Kenny Wiggins,95624
Kent Smith,95110-2007
Kent Warner Smith,95110-2007
Kerri Lee Walsh Jennings,95051-1880
Kerri Walsh Jennings,95051-1880
Keshia Baker,94533
Keury Mella,95110-2007
Kevin Arbet,95204
Kevin Basped,95817
Kevin Bigley,95991
Kevin Brown,95965
Kevin Clark,95817
Kevin Frandsen,95032
Kevin Gilbert,95817
Kevin Goldthwaite,95817
Kevin John Sutherland,95817
Kevin Johnson,95817
Kevin Jurovich,95051-1880
Kevin King,95301
Kevin Laue,95110-2007
Kevin Maas,94566
Kevin McClatchy,95817
Kevin Patrick Goldthwaite,95817
Kevin Pereira,94509
Kevin S. McClatchy,95817
Kevin Sakuda,94536
Kevin Seconds,95817
Kevin Shackelford,95110-2007
Kevin Simon,94596
Kevin Sutherland,95817
Kevin Swiryn,95110-2007
Kevin Tan,94536
Kevin Tillman,95110-2007
Kevin Turner,94536
Kevin Woo,94526
Keyvan Jenkins,95204
Khrystyne Haje,95051-1880
Kid Kreation,96161
Killashaw,95370
Kim Johnston Ulrich,95366
Kim Wurzel,95110-2007
Kingsbu,95110-2007
Kintpuash,97633
Kira Kener,95110-2007
Kira Reed,95051-1880
Kishi,95110-2007
Kit Lathrop,95110-2007
Kiwi Gardner,95336
Kona Schwenke,95110-2007
Kraig Sitton,94561
Kris Logan,95928
Kristen Babb-Sprague,94596
Kristen Elizabeth Babb-Sprague,94596
Kristen Nicole,93901
Kristi Myst,93463
Kristian Ipsen,94596
Kristin Allen,94550
Kristin Heaston,94596
Kristin Krone,95817
Kristin Olsen,95350
Kristina Lum,95051-1880
Kristina Michelle Lum,95051-1880
Kurt Olson,95817
Kurt Rambis,95014
Kurtis Roberts,95382
Kyle Barraclough,95051-1880
Kyle Bryant,95603
Kyle C. Krpata,95051-1880
Kyle Davies,94526
Kyle DeVan,95817
Kyle Gass,94596
Kyle Graham Davies,94526
Kyle Jensen,94596
Kyle Kaiser,95051-1880
Kyle Kingsbury,95110-2007
Kyle Krpata,95051-1880
Kyle Larson,95817
Kyle Lohse,95928
Kyle Martin,95817
Kyle Newacheck,94596
Kyle Rasmussen,95370
Kyle Smith,95624
Kyle Whittingham,93401-8114
Kyle Williams,95110-2007
Kyle Wright,94526
Kymberly Paige,95051-1880
Kyra Davis,95051-1880
La Schelle Tarver,95350
La'Keshia Frett,93922
Laci Peterson,95350
Lacy Dagen,94520
Lacy Michele Dagen,94520
Ladule Lako LoSarah,0
Ladulé Lako LoSarah,0
Ladulé Samora Peter Lako LoSarah,0
Lady ILE,1982
Lady Keith,93901
Lady iLe,1982
Lady of Boxing,95928
Laini Taylor,95928
Lamont Johnson,95204
Lana Lane,94520
Lance Bangs,95817
Lance Briggs,95817
Lance Guest,95070
Lance Krall,93940
Landon Curt Noll,94596
Langdon Winner,93401-8114
Lani O'Grady,94596
Lari Laine,94513
Larisa Oleynik,95051-1880
Larry Bagby,95901
Larry Bettencourt,94560
Larry Bowa,95817
Larry Bryggman,94520
Larry J. Franco,95370
Larry Jamill Kelly,95301
Larry Norman,95110-2007
Larry Silveira,94596
Lars Frederiksen,95008
Laura Adams Armer,95817
Laura Cover,95336
Laura Croft,95051-1880
Laura Davis,94520
Laura Ling,95608
Lauren McFall,95817
Laurie MacDonald,95076
Lavelle Hawkins,95204
Lawrence Frostad,94536
Lawrence Keith Frostad,94536
Lawrence Wilson,93454
Leah Laviano,94509
Leah Laviano Watson,94509
Lee Morrison,95608
Lee Tung Foo,95076
Lela Loren,95817
Leland Stanford Jr.,95817
"Leland Stanford, Jr.",95817
Len Dondero,94560
Len Wiseman,94536
Leo Harris,1982
Leo Thomas,95382
Leo White,93940
Leon Lee,95817
Leon Panetta,93940
Leonard Gardner,95204
Les Cain,93401-8114
Les Scarsella,1982
Leslie Carrara-Rudolph,94596
Leslie M. Palm,95901
Lila Rose,95110-2007
Lilou Mace,95051-1880
Linda Gustavson,1982
Linda Lee Gustavson,1982
Linda Medley,95204
Linda O'Neil,95817
Lindsay Catherine Massengale,95991
Lindsay Frimodt,95817
Lindsay Kay Hayward,94596
Lindsay Massengale,95991
Lindsay Meggs,95110-2007
Lindsay Pearce,95350
Lindsay Wagner,93901
Linné Ahlstrand,94513
Lisa Breckenridge,95241
Lisa Bruce,93940
Lisa Dergan Podsednik,95336
Lisa Fortier,95945
Lisa Ling,95817
Lisa Marie Scott,95110-2007
Lisa Mispley Fortier,95945
Liz Climo,94085-3010
Liz VanLeeuwen,97630
Liza Soberano,95051-1880
Lloyd A. Jeffress,95110-2007
Lloyd Allen,95340
Lloyd Bacon,95110-2007
Lloyd Bryan Molander,95110-2007
Lloyd Bryan Molander Adams,95110-2007
Lloyd Hittle,95241
Logan Mankins,95306
Logan Schafer,95110-2007
Lonzell Hill,95204
Loren Lloyd Roberts,93401-8114
Loren Mosher,93940
Loren Roberts,93401-8114
Lorenzo Mauldin,95817
Loreto Garza,95817
Loretta Ables Sayre,95204
Lorette Wood,94536
Lori McCreary,94509
Lorna J. Moorhead,95608
Lorna Jean Moorhead,95608
Lou Wagner,95110-2007
Louie Aguiar,94550
Louie Sakoda,95110-2007
Louis Owens,93436
Louis Rankin,95204
Louis Stanfill,95817
Louis Waldon,95350
Lowell Palmer,95817
Lu Watters,1982
Luann Lee,95051-1880
Lucas Erceg,95110-2007
Luchadora,94560
Lucky McKee,95252
Luis Alejo,95076
Luis Alexander Basabe,95817
Luis Antonio Argüello,93940
Luis Heredia,95817
Luis T. Romero,93401-8114
Luiz Gohara,94561
Luke Edwards,95959
Luke Glavenich,95642
Luke Rockhold,1982
Luke Whitehead,94596
Lyle Workman,95110-2007
Lynden Gooch,1982
Lynden Jack Gooch,1982
Lynell Hamilton,95204
Lynn Davis,95327
Lynn Silliman,95076
MAKJ,93401-8114
Madalyn Schiffel,95678
Madalyn Terese Schiffel,95678
Madison Esteves,95358
Maggie Steffens,94526
Maggie Vessey,95073
Magneuris Sierra,95624
Mai Kitazawa Arbegast,95110-2007
Malachi Davis,95817
Malachi Pearson,93453
Malcolm Loughead,94536
Malcom Floyd,95817
Mandisa,95610
Manny Parra,95608
Manny Salvo,95817
Manu Intiraymi,1982
Manuel Dominguez,93940
Mara Corday,94513
Marc Bonilla,94517
Marc Heider,95817
Marc Newfield,95817
Marcel Jensen,94533
March Fong Eu,95361
Marcia Lucas,95350
Marcie Dodd,95991
Marco Sullivan,96161
Marcos Diplan,95110-2007
Marcos Molina,94560
Marcus Arroyo,95817
Marcus Littlewood,94561
Marcus McCauley,95817
Marcus Riley,95817
Margaret Ann Steffens,94526
Margaret Bechard,95928
Margaret Dingeldein,95340
Margaret Glaspy,95817
Margie Adam,93436
Maria Elena Durazo,93702
Maria Luisa Gil,95336
Maria Sanchez,95350
Marian Hanson,93454
Mariano Guadalupe Vallejo,93940
Marie Annonson,94550
Marie Russak,0
Marilyn Brown,95110-2007
Marina Baker,95051-1880
Mario Martinez,93901
Marion De Vries,95258
Marisa Miller,1982
Mark Acre,94520
Mark Adamek,95023
Mark Albert Fuller,95678
Mark Andrew Spitz,95350
Mark Arnold,95110-2007
Mark Bryant,94509
Mark Canha,95110-2007
Mark Davis,94550
Mark Dougherty,95051-1880
Mark Eichhorn,95110-2007
Mark Eitzel,94596
Mark Gantt,95204
Mark Giambruno,95667
Mark Goodson,95817
Mark Herrier,93436
Mark Hosler,94520
Mark Izu,94535
Mark Madsen,94596
Mark Marquess,95204
Mark McNamara,95110-2007
Mark Ordesky,95624
Mark Spitz,95350
Mark Tansey,95110-2007
Mark Trayle,95110-2007
Mark Velasquez,93454
Mark Wasinger,93940
Mark Weatherford,95901
Mark Willis,94566
Mark Wilson,95110-2007
Marla Runyan,93454
Marlena Spieler,95817
Marliece Andrada,95336
Marlon Moore,95817
Marquese Chriss,95817
Marqueston Huff,93901
Mars,94509
Marshall Duke,95241
Marshall Sperbeck,95817
Martha Smith,95376
Martin Davis,95110-2007
Martin Harrison,94550
Martin Hewitt,95110-2007
Martin V. Melosi,95110-2007
Martin Victor Melosi,95110-2007
Marty Pasetta,95110-2007
Marv Marinovich,95076
Marv Owen,95054
Marvin Eastman,95340
Mary Anderson,95817
Mary Biddinger,94536
Mary Elizabeth Bennett Ritter,93901
Mary Love,95817
Mary McKinney,95817
Mary T. Ficalora,95110-2007
Mary Whipple,95817
Marya Hornbacher,94596
Maryedith Burrell,95020
Mason Foster,93955
Mason Melotakis,95110-2007
Masspike Miles,95817
Matt Anger,94596
Matt Barnes,95051-1880
Matt Black,93454
Matt Bouza,95110-2007
Matt Castelo,95110-2007
Matt Chapman,95340
Matt Dean,95110-2007
Matt Finders,94550
Matt Fish,95241
Matt Gutierrez,94520
Matt Imhof,95817
Matt Jones,95817
Matt Kent,95817
Matt Kopa,95817
Matt L. Jones,95817
Matt LaGrassa,95624
Matt Lucena,95928
Matt Mahurin,1982
Matt Manning,95817
Matt Myers,95608
Matt Reaves,95110-2007
Matt Sanchez,95110-2007
Matt Smoral,95110-2007
Matt Wait,95241
Matt Walbeck,95817
Matt Wolf,95110-2007
Matthew Axelson,95014
Matthew Gagnon,94596
Matthew Gelso,96161
Matthew J. Evans,93401-8114
Matthew Lessner,94596
Matthew Meschery,96161
Matthew Morrison,93908
Matthew Phillip Gelso,96161
Matthew R. LaGrassa,95624
Matthew Stirling,93901
Matthew Wood,94596
Maureen Arthur,95110-2007
Mauricio Dubón,95817
Max Anderson,95204
Max Schrock,95340
Max Stassi,95695
Max Wittek,94583
Max Wotell,95110-2007
Maximo Yabes,95241
Maxine Hong Kingston,95204
May O'Donnell,95817
Mayday,95350
Maynard Amerine,95110-2007
McKinley Tennyson,93940
"McKinley Tennyson, Jr.",93940
Meadow Sisto,95945
Meagan Tandy,94536
Megan Cooke,95032
Megan Dirkmaat,95110-2007
Megan Dodds,95817
Megan Ellison,95051-1880
Megan Kufeld,94536
Megan Slankard,95376
Mekenna Melvin,95070
Mel Hutchins,95817
Mel Mazzera,95204
Mel Ramos,95817
Mel White,95051-1880
Melinda Sward,95361
Melissa Deanne Holliday,95110-2007
Melissa Haro,95110-2007
Melody,95608
Melody Medeiros,95608
Melody Mennite,1982
Melvin Anthony,95817
Melvin Belli,95370
Mercedes KV,94533
Meredith Hunter,94566
Meredith Patterson,94520
Merle Anthony,95901
Merlyn Anthony,95901
Merrin Dungey,95817
Merry Shannon,95817
Mervyn Fernandez,95340
Michael A. Rice,95110-2007
Michael Alan Brannan,93901
Michael Cederoth,95110-2007
Michael Chavis,95817
Michael Clay,95051-1880
Michael Coats,95817
Michael Cox,95110-2007
Michael D. Duvall,94566
Michael Gaston,94596
Michael Gatten,93401-8114
Michael Gough,95110-2007
Michael Hedges,95817
Michael J. Adams,95817
Michael J. Lindstrom,95350
Michael K. Young,95817
Michael Kopech,95817
Michael L. Coats,95817
Michael Larson,95817
Michael McDonald,95350
Michael Messner,93901
Michael Nava,95204
Michael P. Moran,95991
Michael Porter,95948
Michael Raffetto,95667
Michael Rodrigues,94550
Michael Simms,95817
Michael Stember,95628
Michael Stewart,93422
Michael Sturtz,94596
Michael Swan,95110-2007
Michael Taylor,95350
Michael Urbano,95817
Michael Villines,95110-2007
Michael Williams,93940
Michele Merkin,95051-1880
Michelle Akers,95051-1880
Michelle Anne Akers,95051-1880
Michelle C. Y. Chang,95110-2007
Michelle Carter,95110-2007
Michelle Chang,95110-2007
Michelle K. Lee,95051-1880
Michelle McLaughlin,95051-1880
Michelle Paige Paterson,94533
Michelle Stennett,95817
Michi Nishiura Weglyn,95204
Michi Weglyn,95204
Michio Kaku,95110-2007
Miguel Javier Tanton,95051-1880
Miguel Perez,95110-2007
Miguel Pérez,95110-2007
Miguel Tanton,95051-1880
Miguel Ángel Ponce,95817
Miguel Ángel Ponce Briseño,95817
Mike A. Ball,95204
Mike Aldrete,93922
Mike Avery,95110-2007
Mike Ball,95204
Mike Bellotti,95817
Mike Berryhill,95320
Mike Bishop,93454
Mike Black,95603
Mike Brannan,93901
Mike Bratz,93436
Mike Clark,95817
Mike Cortez,95110-2007
Mike Couchee,95032
Mike DePangher,95901
Mike Droese,95241
Mike Fischlin,95817
Mike Gatten,93401-8114
Mike Griffin,95932
Mike Haluchak,94520
Mike Hibler,94566
Mike Honda,95680
Mike Karney,95110-2007
Mike Kelley,95370
Mike L. Murphy,95032
Mike Lange,95817
Mike Leach,96130
Mike Lincoln,95608
Mike Lucky,94509
Mike Macfarlane,95204
Mike Maker,93901
Mike McCormick,95222
Mike Miller,94520
Mike Ohlman,95624
Mike Patterson,95817
Mike Penberthy,95032
Mike Rapada,95340
"Mike Rapada,The Colorado Kid",95340
Mike Rose,95817
Mike Rouse,95110-2007
Mike Skinner,96130
Mike Slaton,95817
Mike Squires,94520
Mike Thomas,95817
Mike Tonis,95817
Mike Villines,95110-2007
Mike Walker,95901
Mikey White,95340
Miki Garcia,95376
Miles Burris,95662
Miles Teves,93901
Milo Candini,95336
Milton Wynn,93436
Ming Chin,97601
MiniCain,95110-2007
Miranda  Fenner,95817
Miriam Michelson,95246
Misha Green,95817
Miss Fame,93401-8114
Miss Mercedes,94533
Mitch Garver,95110-2007
Mitch Ivey,95110-2007
Mitch Keller,95817
Mitch Lively,96130
Mitchell Ivey,95110-2007
Mitchell Van Dyk,93447
Molly Culver,95051-1880
Molly Ivins,93940
Molly Ringwald,95678
Mona Pasquil,95624
Monica Abbott,1982
Monica Cecilia Abbott,1982
Monica Sims,95817
Monica Tidwell,95376
Monty Roberts,93901
Moqut Ruffins,93940
Morey Schapira,94086
Morgan Breslin,94596
Morgan Wallace,93436
Mortie Dutra,93940
Mortimer Francis Dutra,93940
Mozzy,95817
Mr. Criminal,94565
Mr. Lobo,95817
Muddy Waters,95928
Myril Hoag,0
Myrna Weber,94513
"Nancy ""Slim"" Keith",93901
Nancy Cooke de Herrera,94566
Nancy Tellem,94526
Natalie Anne Gulbis,95817
Natalie Gulbis,95817
Natalie Nunn,94520
Nataly Dawn,95817
Nate Boyden,95695
Nate Costa,95382
Nate Diaz,95204
Nate Doss,1982
Nate Montana,95051-1880
Nate Sudfeld,95350
Nathan Orf,95110-2007
Nathaniel Bostwick Boyden,95695
Nation,95817
Navene Koperweis,95110-2007
Neal C. Wilson,95241
Neal Jimenez,95817
Nef the Pharaoh,95817
Neill Sheridan,95817
Neilson Powless,95817
Nello Falaschi,93620
Nelson Briles,96097
Nia Sanchez,95817
Nic Belasco,95204
"Nicholas ""Nick"" Freitas",95928
Nicholas Alan Watney,95817
Nicholas Freitas,95928
Nichole Bloom,95051-1880
Nick 13,95110-2007
Nick Aliotti,94596
Nick Cunningham,95032
Nick Diaz,95204
Nick Dumovich,95817
Nick Hatzke,95110-2007
Nick Johnson,95817
Nick Kingham,95817
Nick Longhi,95817
Nick McDonald,93901
Nick Pivetta,95817
Nick Travieso,95110-2007
Nick Watney,95817
Nick Williams,95817
Nicole Davis,95204
Nicole Marie Davis,95204
Nicole Mitchell Murphy,95817
Nicole Wray,93901
"Nicole, Erica, and Jaclyn Dahm",95336
Nigel Burton,95817
Nigel Malone,95336
Night Claw,95928
Niki Tsongas,95928
Nikki Sixx,95110-2007
Niko Goodrum,95110-2007
Nino Del Pesco,93454
Nion Tocker,94585
Noah Bastian,95110-2007
Noah Delgado,94536
Noah Georgeson,95959
Noah Levine,1982
Noah Merl,94596
Nora Campos,95110-2007
Noreen Evans,94550
Norman Alvis,95817
Norman Mineta,95110-2007
Norman O. Houston,95110-2007
Norman Yonemoto,95110-2007
Nyjah Huston,0
Nyjah Imani Huston,0
Ogden Mills,95817
Olin Dutra,93940
Olivia Dudley,93442
Olivia Taylor Dudley,93442
Omar Krayem,95350
Omar Samhan,94583
Omega Crosby,95350
Onterrio Smith,95817
Orange Phelps,0
Orlando Johnson,93940
Osamu Hayaishi,95204
Oscar De La Cruz,95037
Oscar Velasquez,95991
Otis McDaniel,95817
Paco Craig,93454
Pacomio,93940
Pam Stein,95051-1880
Pamela Eells O'Connell,93401-8114
Paris Warren,95817
Pat Adams,95204
Pat Gillick,95928
Pat Gomez,95678
Pat Jacquez,95204
Pat Kelly,93454
Pat Mastelotto,95928
Pat McCoy,94533
Pat McNeil,94565
Pat Morita,95641
Pat Sheehan,94513
Pat Suzuki,95388
Pat Tillman,95110-2007
Patrice Hollis,93901
Patricia Miranda,95336
Patrick Brice,95945
Patrick Edward Joseph Ianni,95241
Patrick Ianni,95241
Patrick Vlaskovits,95110-2007
Patrick Wisdom,95624
Patty Fendick,95817
Paul Blackburn,94561
Paul Bravo,95008
Paul Coffee,95051-1880
Paul Davis,95695
Paul DeJong,95624
Paul Fleischman,93940
Paul Fry,94561
Paul Green,93210
Paul Howard,95110-2007
Paul Larson,95382
Paul Montgomery,95032
Paul Napolitano,94517
Paul Rachubka,93401-8114
Paul Soter,95817
Paul Stephen Rachubka,93401-8114
Paul Stojanovich,95817
"Paul Stojanovich, Sr.",95817
Paul Varelans,94086
Paul Wulff,95695
Peanut Butter Wolf,95110-2007
Peggy Fleming,95110-2007
Pej Vahdat,95110-2007
Pellom McDaniels,95110-2007
Penny Framstad,1982
Pete Daley,95945
Pete Escovedo,94565
Pete Incaviglia,93940
Pete Kmetovic,95110-2007
Pete Padgett,95110-2007
Pete Scott,95695
Peter Asch,93940
Peter J. Cutino,93940
"Peter L. ""Pete"" Padgett",95110-2007
Peter Mel,1982
Peter Michael Escovedo,94566
Peter Staley,95817
Phil Angelides,95817
Phil Baugh,95961
Phil Coke,95370
Phil Lollar,97601
Phil Martinovich,95619
Phil Snow,95695
Philip H. Lathrop,95340
Philip Kan Gotanda,95204
Phillip Evans,94560
Phillip LaRue,0
Phillup Partin,95817
Phyllis Coleman,95376
Pierluigi Oliverio,95110-2007
Plavka,95110-2007
"Plavka Coleridge (maiden name, Lonich",95110-2007
Polina Edmunds,95051-1880
Poster Boy,95817
Preston Guilmet,95678
Psycho,95110-2007
Quentin Kawānanakoa,93940
Quinn Mulhern,1982
R. J. Reynolds,95817
Rachel Harris,95817
Rachel Jéan Marteen,95110-2007
Rachel Llanes,95110-2007
Rachel Roy,93940
Rachel Swirsky,95110-2007
Rachele Lynae,95991
Rae Carruth,95817
Ralph Hill,97601
Ralph Ogden,95110-2007
Ramiro Corrales,93901
Ramon Morla,94561
Ramsey Nijem,94520
Ramón Laureano,95624
Randal J. Kirk,94566
Randall Bal,95628
Randall David Johnson,94596
Randall Packer,95110-2007
Randall Reid,93447
Randolph Crossley,95014
Randolph Mantooth,95817
Randy Brodehl,95204
Randy Dedini,95687
Randy Fasani,95817
Randy Hanson,95817
Randy Johnson,94596
Randy Kirk,95110-2007
Randy Lerch,95817
Randy Lew,95817
Randy Mamola,95110-2007
Randy Ready,94566
Randy Rosario,95110-2007
Randy Stonehill,95204
Randy Veres,95817
Rangel Ravelo,95340
Ray Allen,95340
Ray Barbee,95110-2007
Ray Clemons,95678
Ray Collins,95817
Ray E. Johnson,95965
Ray Haynes,95340
Ray Rohwer,95620
Ray Webster,95945
"Raymond ""Ray"" Cox",95204
Raymond Cox,95204
Raymond Townsend,95110-2007
Rebecca Diamond,95110-2007
Rebekah Dyroen-Lancer,95110-2007
Red Kress,95310
Reese,95110-2007
Reeves Nelson,95350
Reg Lewis,94536
Reggie Rogers,95817
Reggie Smith,95110-2007
Regina Deutinger,95051-1880
Renee Luers-Gillispie,94550
René Rougeau,95817
Renée Elise Goldsberry,95110-2007
Reub Long,97630
Rex Buren Beisel,95110-2007
Rex Pickett,95340
Reynaldo Rodriguez,95110-2007
Rhett Hall,95110-2007
Rhonda Adams,95110-2007
Rhys Hoskins,95817
Ricardo Pinto,95817
Ricco Rodriguez,95110-2007
Rich Brooks,95910
Rich Chiles,95817
Rich Ferguson,93901
Rich Rodas,95678
Richard A. Pittman,93660
Richard Allan Pittman,93660
Richard C. Baldwin,95110-2007
Richard Chase,95051-1880
Richard Cragun,95817
Richard Denner,95051-1880
"Richard G. Ditlevsen, Jr",95817
Richard Jackson,95817
Richard Kyle Barnes,95204
Richard L. Bare,95350
Richard Montague,95204
Richard Paul Russo,95110-2007
Richard Pierce,95336
Richard Poe,96122
Richard Pombo,95376
Richard Sánchez,93436
Richard Ureña,95110-2007
Richard Wallace,95817
Richie Martin,95340
Richie Myers,95817
Rick Bladt,1982
Rick Redewill,95310
Rick Sanders,97630
Rick Warren,95110-2007
Rick Williams,95340
Rick Worman,95070
Ricky Barnes,95204
Ricky Barrett,95817
Ricky Reynolds,95817
Riki-Shi,95110-2007
Rikishi,95110-2007
Rikishi Phatu,95110-2007
Riley Bechtel,94566
Riley P. Bechtel,94566
Riley Voelkel,95624
Rinaldo Williams,1982
Rita Hosking,0
Rita Ng,95376
Rita Taggart,93901
Robbie Bosco,95678
Robert A. Cook,95051-1880
"Robert Alan ""Bob"" Wall",95110-2007
Robert Bush,95110-2007
Robert C. Stebbins,95928
Robert Comer,95110-2007
"Robert Daniel Clampett, Jr.",93940
Robert Donald Burns,93436
Robert E. Swain,95023
"Robert Edward Townsend, Jr.",95051-1880
Robert F. Hale,95817
Robert Floyd,95204
Robert Grant Aitken,95642
Robert Guerrero,95020
Robert H. Young,95965
Robert Hawkins,94086
Robert Hunter,93401-8114
Robert J. Mazzuca,0
Robert Jacks,93940
Robert Joseph Guerrero,95020
Robert L. Rasmussen,95817
Robert Laxalt,96101
Robert Laxant,96101
Robert Levon Been,95041
Robert Matsui,95817
Robert Mercer,95110-2007
Robert Oberst,1982
Robert Petkoff,95817
Robert Ronald Leisy,95204
Robert Sampson,95817
Robert Six,95204
Robert W. Chandler,95901
Robert Wall,95110-2007
Robert Warwick,95817
Robert Zirkin,0
Roberto Peña,95624
Roberto Treviño,94086
Robin Ventura,93454
Rocco Gibraltar,95241
Rocco Prestia,95370
Rock Monster,95110-2007
Rocky Johnson,95110-2007
Rod Benson,94533
Rod Bernstine,94533
Rod Coronado,95110-2007
Rod Scurry,95817
Rodney King,95817
Rodrigo Adrián Zamora Fernández,95076
Roemon Fields,95110-2007
Roger Lin Maltbie,95350
Roger Maltbie,95350
Roger Samuels,95110-2007
Roger Tambellini,93401-8114
Roger Voudouris,95817
Roland Wlodyka,94086
Roman Dirge,95110-2007
Rome Ramirez,94536
Romualdo Pacheco,93940
Ron Capps,93401-8114
Ron Heller,95945
Ron Johnson,93940
Ron Luce,94517
Ron Reis,95110-2007
Ron Rivera,93908
Ron Slocum,95350
Ron Verlin,95678
Ron Whitney,95350
Ronald D. Moore,93610
Ronald Levy,93922
Ronald O. Loveridge,94509
Roniel Raudes,95817
Rookie Davis,95110-2007
Roque James Santos,95928
Roque Santos,95928
Rosanna DeSoto,95110-2007
Rosebud,95241
Ross Ching,95110-2007
Ross Macdonald,95032
Ross Thomas,95204
Rowan Wick,95624
Rowdy Tellez,95110-2007
Rowland Office,95817
Roxana Judkins Stinchfield Ferris,0
Roxana Stinchfield Ferris,0
Roy Helu,94526
Roy Howell,93436
Roy R. Snelling,95382
Roy Snelling,95382
Royce Clayton,95817
Rudolph Delson,95110-2007
Rudy Galindo,95110-2007
Ruggero Berti,95110-2007
Russ Brown,95110-2007
Russ Critchfield,93901
Russ Rankin,1982
Russ Swan,94536
"Russell ""Lucky"" Hayden",95928
Russell Ferrante,95110-2007
Russell Hayden,95928
Rust Epique,95204
Rusty McNealy,95817
Rusty Varenkamp,95110-2007
Ruth Matteson,95110-2007
Ruth Slenczynska,95817
Ruthy Ross,95376
Ryan Anderson,95817
Ryan Borucki,95110-2007
Ryan Cordell,95110-2007
Ryan Dinwiddie,95624
Ryan Doolittle,95340
Ryan Edwards,94536
Ryan Hancock,95051-1880
Ryan Heffington,95991
Ryan Holiday,95817
Ryan Hollingshead,95817
Ryan Jeffrey Brown Kenny,94550
Ryan Kenny,94550
Ryan Mattheus,95632
Ryan McBroom,95110-2007
Ryan Michael Hollingshead,95817
Ryan Neufeld,95032
Ryan Nyquist,95032
Ryan Otten,95608
Ryan Powdrell,0
Ryan Rau,95630
Ryan Roxie,95817
Ryan Sinn,94536
Ryan Stevenson,97623
Ryan Suarez,95678
Ryan Whalen,94507
Ryan Williams,95037
Ryan Yarbrough,94561
SWAT,95110-2007
Sab Shimono,95817
Sacheen Littlefeather,93901
Sage the Gemini,94533
Sal Esquivel,94565
Sal Romano,95110-2007
Salomon Pico,93962
Sam Clemons,95817
Sam Doumit,95817
Sam Elliott,95817
Sam Hernandez,95110-2007
Sam Horrigan,95624
Sam Keller,94526
Sam Liccardo,95070
Sam Piraro,95110-2007
Sam Warburg,95817
Sam Williams,94517
Samantha Bailey,93436
Samantha Camille Dacanay Nierras,94536
Samantha Nierras,94536
Samantha Smith,95817
Samantha Torres,95110-2007
Sammy Hagar,93940
Samora Goodson,95110-2007
Samu Manoa,94520
Sandra Cantu,95376
Sandra McCoy,95110-2007
Sandra McPherson,95110-2007
Sandra Nilsson,95051-1880
Sandy Alcántara,95624
Sandy Greenberg,95051-1880
Sandy Hill,95032
Santino Fontana,95204
Sapphire,93908
Sarah Aldrich,93436
Sarah Bixby Smith,95023-3709
Sarah Elizabeth Rafanelli,95051-1880
Sarah G. Buxton,94513
Sarah Rafanelli,95051-1880
Sarah Zettel,95817
Sasckya Porto,93901
Sasha Banks,94533
Sasha Dobson,1982
Sasha Grey,95660
Schuyler Grant,95032
Scott Baker,95110-2007
Scott Boras,95817
Scott Brazil,95624
Scott Brooks,95231
Scott C. Black,93436
Scott Clark,95037
Scott Eastwood,93922
Scott Fisher,95110-2007
Scott Galbraith,95817
Scott Gordon,95817
Scott Joseph Vallow,95350
Scott Kannberg,95204
Scott Lost,1982
Scott Mathews,95817
Scott McCarron,95817
Scott Melville,93908
Scott Michael McCarron,95817
Scott Miller,95817
Scott Molina,94565
Scott Ordway,1982
Scott Perry,94566
Scott Pruett,95678
Scott Ross,95817
Scott Ryan Gordon,95817
Scott Sanderson,94596
Scott Schwartz,95817
Scott Speed,95336
Scott Thompson,95610
Scott Vallow,95350
Scott Warner,95817
Scott Weiland,1982
Scott Weltz,95110-2007
Scott William Weltz,95110-2007
Sean Allstot,95945
Sean Bedford,95110-2007
Sean Bonniwell,95110-2007
Sean Cain,94520
Sean LaChapelle,95817
Sean Mannion,95110-2007
Sean Michael Becker,95110-2007
Sean Michael Callahan,95817
Seattle Bill James,0
Seattle Mariners minor league players,94561
Seneca Wallace,95817
Seth Burnham,1982
Seth Mejias-Brean,95110-2007
Seth Tarver,93454
Sevin,95110-2007
Sevin (rapper,95110-2007
Seyi Ajirotutu,95762
Shane Barnard,95667
Shane Madolora,93901
Shannon James,93901
Shante Carver,95204
Shaq Thompson,95817
Sharon Ito,95817
Sharron Angle,97601
Sharry Konopski,95051-1880
Shaun Lopez,95817
Shaun Nikolas Tsakiris,95110-2007
Shaun Tsakiris,95110-2007
Shaunard Harts,94565
Shawn Dillon,93901
Shawn Hillegas,93620
Shawn Lathrop,94086
Shawna Yang Ryan,95817
Shay Astar,1982
Sheila Gwaltney,95695
Sheila Leslie,93922
Sheila Varian,93454
Shelby Fero,95051-1880
Shelly Stokes,95817
Sheri Moon Zombie,95110-2007
Sherman Allyn Reynolds,95951
Sherman Cocroft,95076
Sherman Reynolds,95951
Sherwood Johnson,95817
Shirlee Busbee,95110-2007
Shirlee Elaine Busbee,95110-2007
Shirley Cruz Traña,95110-2007
Shorty Mack,95817
Shoshannah Stern,94596
Sibyl Sanderson,95817
Simon J. Lubin,95817
Simón Mercedes,95817
Sione Fua,95241
Slim Keith,93901
Snow Tha Product,95110-2007
Snow tha Product,95110-2007
Sol Mercado,95817
Solomon Mercado,95817
Sonny Barger,95350
Sonya Eddy,94520
Sophie Crumb,95695
Sophie Treadwell,95204
Sophina DeJesus,95110-2007
Sophina Saadé DeJesus,95110-2007
Spencer Havner,95817
Spencer Joseph Levin,95817
Spencer Levin,95817
Spencer Scott,93901
Spencer Stone,95817
Spider Jorgensen,95630
Spider Ledesma,95051-1880
Spider Sabich,95817
St. Louis Cardinals minor league players,95624
Stacey Cook,96161
Stacey Scowley,94526
Staci Flood,95051-1880
Stacy Dragila,95603
Stacy Sanches,95110-2007
Stan Hack,95817
Stan Statham,95928
Stan Swanson,95991
Stephanie Brown Trafton,93401-8114
Stephanie Cox,95110-2007
Stephanie Renee Cox,95110-2007
Stephen Alemais,95817
Stephen Anderson,95110-2007
Stephen Carpenter,95817
Stephen Dunn,95350
Stephen Ford,95817
Stephen Gonsalves,95110-2007
Stephen Johnson,95110-2007
Stephen Jordan,95817
Stephen K. Robinson,95817
Stephen Leece,93401-8114
Stephen Lunsford,95817
Stephen Mirrione,95051-1880
Stephen Piscotty,94566
Stephen Quadros,1982
Stephen Robinson,95817
Stephen Wondolowski,94526
Sterling Moore,94509
Steve Adams,95110-2007
Steve Andrade,95695
Steve Brown,95817
Steve Burke,95204
Steve Caballero,95110-2007
Steve Cronin,95817
Steve Danielson,94550
Steve Forrest,95350
Steve Glazer,95817
Steve Harwell,95051-1880
Steve Holm,95817
Steve Hood,95020
Steve Horn,0
Steve Jurgensen,95110-2007
Steve Lew,95076
Steve Lopez,94565
Steve Maaranen,93454
Steve Merritt,95110-2007
Steve Preeg,95817
Steve Sax,95691
Steve Soderstrom,95382
Steve Taylor,95817
Steve Wozniak,95110-2007
Steven Beitashour,95110-2007
Steven J. Lopes,94536
Steven Mehrdad Beitashour,95110-2007
Steven Michael Cronin,95817
Steven Stayner,95340
Stevie Bonsey,93901
Stripper Ramsey,94520
Suave,95110-2007
Sue Fliess,95350
Suicide of Harry Lew,95051-1880
Summer Bartholomew,95340
Summer Elisabeth Sanders,95678
Summer Sanders,95678
Superman,95051-1880
Susan Gerbic,93901
Susan Hutchison,94533
Susan Jane Pedersen,95817
Susan Musgrave,1982
Susan Pedersen,95817
Susan Westerberg Prager,95817
Susan Wojcicki,95051-1880
Suzannah Bianco,95110-2007
Suzanne Scheuer,95110-2007
Suzy Powell-Roos,95350
Syd'Quan Thompson,95817
Sylvia Gerrish,95321
T-Nutty,95817
T. J. Friedl,94566
T.J. Dillashaw,95370
Tad Williams,95110-2007
Tak Shindo,95817
Talitha Bateman,95382
Tam Elizabeth O'Shaughnessy,95249
Tam O'Shaughnessy,95249
Tamara Sky,93901
Tani Cantil-Sakauye,95817
Tani Gorre Cantil-Sakauye,95817
Tanya Ballinger,95928
Tara Haelle,94566
Tara Susan Haelle,94566
Tarzan,94509
Taylor Cole,95110-2007
Taylor Comeau,95032
Taylor Graham,95628
Taylor Hearn,95817
Taylor Sloat,95695
Taylor Trammell,95110-2007
Tayt Ianni,95241
Teague Moriarty,1982
Teal Wicks,95817
Ted Gaines,95678
Ted R. Smith,95965
Ted Templeman,1982
Teddy Stankiewicz,95817
Telly Blackwood,95350
Teodross Avery,94533
Teri Hope,94513
Terisa Greenan,95817
Terrance Mitchell,95817
Terrence G. Wiley,95110-2007
Terry Hermeling,93454
Terry Poole,93933
Terry Spear,95817
Terry Wilshusen,93422
Thad Tillotson,95340
"The Argentine Assassin, The Awkward Argentine",94536
The Beastman,95340
The Chain Gang of 1974,95110-2007
The Great Morgani,93635
The Juggernaut,95991
The Menace,95687
The Messenger,95110-2007
The Polar Bear,94086
The Portuguese Man o' War,95687
The Punk,95110-2007
The Raw Deal,94565
The Soul Assassin,95817
The Sultan,95110-2007
The Super Giant Ninja,95110-2007
The Terminator,95687
The Yeti,95110-2007
Theresa Knorr,95817
Thom Merrick,95817
"Thomas ""Hawk"" Jacquez",95204
Thomas A. Bailey,95110-2007
Thomas Diego Silvas,95051-1880
Thomas Francis Johnson,95817
Thomas Haden Church,95695
Thomas King,95817
Thomas Kinkade,95817
Thomas Martin,95204
Thomas Palmer Thompson,95650
Thomas Pridgen,94566
Thomas S. Moorman,93944
Thomas Samuel Moorman,93944
Thomas Szapucki,94560
Thomas Williams,95687
Thretton Palamo,95695
Tianna,95051
Tiburcio Vásquez,93940
Tiffany Brissette,95969
Tiffany Selby,93901
Tiffany Taylor,95336
Tim Brauch,95110-2007
Tim Brown,95204
Tim Jitloff,95110-2007
Tim Kennedy,93401-8114
Tim Kring,0
Tim Loustalot,95817
Tim Lucas,95204
Tim Martin,95110-2007
Tim McCord,95817
Tim McKenzie,95051-1880
Tim Vom Steeg,95624
Tim Weaver,94550
Tim Young,1982
Timi Brown-Powers,95903
"Timothy ""Tim"" Michael Brauch",95110-2007
Timothy F. Jamison,95110-2007
Timothy Harold Vom Steeg,95624
Tina Basich,95817
Tiny Bonham,95640
Tiphany Adams,95241
Tisha Lea Venturini-Hoch,95350
Tisha Venturini,95350
Todd Cahoon,95110-2007
Todd Dillon,95350
Todd Lichti,94596
Todd Phillips,95110-2007
Tom Berryhill,95358
Tom Brandstater,95382
Tom Cable,95340
Tom Candiotti,94596
Tom Gianas,95110-2007
Tom Hanks,94520
Tom Jacquez,95204
Tom Johnson,95817
Tom Kundig,95340
Tom McEnery,95110-2007
Tom Parker,94596
Tom Petithomme,95350
Tom Rehder,95817
Tom Urbani,1982
Tom Windle,95817
Tomas Arana,95603
Tommy Castro,95110-2007
Tommy Glaviano,95817
Tommy Hedden,95603
Tommy Jones,95204
Tommy Kono,95817
Tommy Medica,95110-2007
Tommy Sheehan,95817
Tommy Thompson,95650
Toni Aubin,94509
Toni Blackman,94565
Tony Boselli,95350
Tony Carey,95076
Tony Castillo,95110-2007
Tony Cline Jr.,0
Tony Coelho,93635
Tony Corbin,95382
Tony Dominguez Jr.,95204
"Tony Dominguez, Jr.",95204
Tony Donovan,93635
Tony Dye,95110-2007
Tony Elliott,95076
Tony Johnson,95630
Tony L. Elliott,95076
Tony Lopez,95817
Tony Miller,96020
Tony Mounce,95817
Tony Palermo,95110-2007
Tony Petersen,95241
Tony Sanchez,94535
Tony Teresa,94565
Tony Thurmond,93940
Tony Ward,95110-2007
Tory Belleci,93940
Tote Du Crow,95076
Toxxin,95817
Toyo Suyemoto,95965
Trace Coquillette,95608
Tracee Ann Talavera,95051-1880
Tracee Talavera,95051-1880
Travis Carrie,94509
Travis Ganong,96161
Travis Harrison,95110-2007
Travis Johnson,95110-2007
Travis Lakins,95817
Travis Raciti,94509
Travis Swanson,94520
Travis Taijeron,94560
Tremayne Kirkland,95817
Trent Dilfer,1982
Trent Edwards,95032
Trent Plaisted,95336
Trevor Clifton,95037
Trevor Matich,95817
Tricia Vessey,95023
Tristan Okpalaugo,94550
Troy Beebe,95350
Troy Dayak,94596
Troy Dazrell Roberts,95110-2007
Troy Luccketta,95241
Troy Roberts,95110-2007
Troy Tulowitzki,95051-1880
Truly Shattuck,0
Trumaine Johnson,95204
Tucker Healy,95340
Tucker Reed,95032
Tuesday Knight,94513
Tully Marshall,95959
Turk Murphy,95968
Ty Buttrey,95817
Ty Panitz,95051-1880
Ty Powell,93933
Ty Sambrailo,95076
Tylene Buck,95817
Tyler Coppin,95678
Tyler Hill,95817
Tyler Mahle,95110-2007
Tyler Marlette,94561
Tyler Stephenson,95110-2007
Tyler Williamson,95817
Tyran Richard,93901
Tyrone Taylor,95110-2007
Tyson Griffin,95817
Uhaa Nation,95817
V. Rose,95817
VJ Logan,95945
Val Hoyle,94533
Val Keil,93901
Valerie Arioto,94566
Valerie Henderson,94520
Valerie Kay Henderson,94520
Valerie Lane,95376
Valerie Mason,95051-1880
Vance McHenry,95928
Vance Worley,95817
Vanessa Gleason,95336
Vanessa Hudgens,93901
Vanessa Ray,94550
Vanilla Gorilla,95110-2007
Vaughn Armstrong,95370
Vera Steadman,93940
Vern Burke,93401-8114
Verna Felton,93901
Vernon Dent,95110-2007
Versailles,95350
Vic Hanson,95817
Vicente Escobedo,95695
Vicky Galindo,94587
Victoria Loustalot,95817
Vienna Teng,95070
Viliami Moala,95817
Vin Diesel,94566
Vinay Bhat,95051-1880
Vince Mayle,95817
Vincent Villafranca,93940
Viola Frey,95241
Virgil Gonsalves,93940
Virginia Brissac,95110-2007
Virginia Gardner,95817
Visnujana Swami,95110-2007
"Vladimir ""Spider"" Sabich",95817
"Vladimir Guerrero, Jr.",95110-2007
Von Hayes,95204
Víctor Caratini,95037
Wade Dominguez,95051-1880
Wade Domínguez,95051-1880
Waleed Zuaiter,95817
Wallace Tashima,93454
Wally Herger,95991
Wally Rank,93908
Wally Westlake,95948
Walt McPherson,95110-2007
Walter Anthony,95204
Walter F. Frear,95945
Walter Francis Frear,95945
Wanda Nero Butler,94535
Warner B. Snider,0
Warren Brown,0
Waylon Prather,95041
Wayne M. Collins,95817
Wayne Osborne,95076
Wendell Rijo,95110-2007
Wendy Macpherson,94596
Wes Hart,95023
Wes Wilson,95817
Wesley Duncan,95370
Westside T. Larson,95385
Westside Torkel Larson,95385
Whitney Allison,95817
Wick Haxton,1982
Wil Browning,95110-2007
Will Anderson,95817
Will Forte,94566
Willard Harrell,95204
William A. Spinks,95110-2007
William Cannon,0
William Cooper,95817
William Dally,95625
William E. Moerner,94566
William Everson,95817
William George Cameron,95246
William H. Cannon,0
William Hudson,95020
"William J. ""Wee"" Coyle",95654
William J. Coyle,95654
William J. Craddock,95032
William Jefferson Hunsaker,94517
William John Cooper,95817
William L. Finley,95051-1880
William Lemon III,95110-2007
William Leon Jones,93210
William Lovell Finley,95051-1880
William McLaughlin,95624
William Morris,93922
William Murphy,95817
William R. Brody,95204
William Thompson,95014
William Wurster,95204
Williams Jerez,95817
Willie Banks,94533
Willie Hogan,95960
Willie Jorrín,95817
Willie Tuitama,95204
Willis E. Davis,95204
Willis Linn Jepson,95687
Willy García,95817
Willy T. Ribbs,95110-2007
Win Butler,96161
Windrell Hayes,95204
Winford Lee Lewis,95948
Winifred Hervey,93436
Wolfgang Gartner,93401-8114
Woodie Held,95817
Worrell Williams,95817
Wrecking Machine,95051-1880
Wyatt Mathisen,95817
Wyatt Strahan,95110-2007
Xavier Becerra,95817
Xavier Nady,93901
Xavier Thames,95817
Xzavie Jackson,95687
Xíng Sījié,95110-2007
Yardley Grifffin,95817
Yardley Griffin,95817
Yasmin Schnack,95817
Yorman Landa,95110-2007
Yousef  Erakat,94536
Yuki Shimoda,95817
Yul Anderson,95817
Yuriko,95110-2007
Zac Efron,93401-8114
Zach Crouch,95630
Zach Helm,95051-1880
Zach Phillips,95817
Zach Sudfeld,1982
Zachary Browne,95817
Zack Jones,95110-2007
Zack Littell,94561
Zack Nash,95620
Zack Thornton,94560
Zack Weiss,95110-2007
Zahra Noorbakhsh,95817
Zahra Norbo,94513
Zak Ibsen,95051-1880
Zaza Harvey,95070
Ángel Perdomo,95110-2007
Ángel Sánchez,95817
Şebnem Kimyacıoğlu,95051-1880
余江月桂,95361
邢思傑,95110-2007
邢思杰,95110-2007
